"STATION","DATE","LATITUDE","LONGITUDE","ELEVATION","NAME","PRCP","PRCP_ATTRIBUTES","SNOW","SNOW_ATTRIBUTES","SNWD","SNWD_ATTRIBUTES","WESF","WESF_ATTRIBUTES"
"US10merr002","2004-06-23","41.1161","-97.9929","519.1","CENTRAL CITY 0.8 SSE, NE US","    0",",,N","    0",",,N","    0",",,N",,
"US10merr002","2004-06-24","41.1161","-97.9929","519.1","CENTRAL CITY 0.8 SSE, NE US","    0",",,N",,,,,,
"US10merr002","2004-06-25","41.1161","-97.9929","519.1","CENTRAL CITY 0.8 SSE, NE US","    0",",,N","    0",",,N","    0",",,N",,
"US10merr002","2004-06-26","41.1161","-97.9929","519.1","CENTRAL CITY 0.8 SSE, NE US","    0",",,N","    0",",,N","    0",",,N",,
"US10merr002","2004-06-27","41.1161","-97.9929","519.1","CENTRAL CITY 0.8 SSE, NE US","    0",",,N",,,,,,
"US10merr002","2004-06-28","41.1161","-97.9929","519.1","CENTRAL CITY 0.8 SSE, NE US","    0",",,N",,,,,,
"US10merr002","2004-06-29","41.1161","-97.9929","519.1","CENTRAL CITY 0.8 SSE, NE US","    0",",,N","    0",",,N","    0",",,N",,
"US10merr002","2004-06-30","41.1161","-97.9929","519.1","CENTRAL CITY 0.8 SSE, NE US","    8",",,N","    0",",,N","    0",",,N",,
"US10merr002","2004-07-01","41.1161","-97.9929","519.1","CENTRAL CITY 0.8 SSE, NE US","    0",",,N","    0",",,N","    0",",,N",,
"US10merr002","2004-07-02","41.1161","-97.9929","519.1","CENTRAL CITY 0.8 SSE, NE US","   36",",,N","    0",",,N","    0",",,N",,
"US10merr002","2004-07-03","41.1161","-97.9929","519.1","CENTRAL CITY 0.8 SSE, NE US","   43",",,N","    0",",,N","    0",",,N",,
"US10merr002","2004-07-06","41.1161","-97.9929","519.1","CENTRAL CITY 0.8 SSE, NE US","   15",",,N","    0",",,N","    0",",,N",,
"US10merr002","2004-07-07","41.1161","-97.9929","519.1","CENTRAL CITY 0.8 SSE, NE US","    0",",,N","    0",",,N","    0",",,N",,
"US10merr002","2004-07-08","41.1161","-97.9929","519.1","CENTRAL CITY 0.8 SSE, NE US","   13",",,N","    0",",,N","    0",",,N",,
"US10merr002","2004-07-09","41.1161","-97.9929","519.1","CENTRAL CITY 0.8 SSE, NE US","  513",",,N","    0",",,N","    0",",,N",,
"US10merr002","2004-07-10","41.1161","-97.9929","519.1","CENTRAL CITY 0.8 SSE, NE US","    0",",,N","    0",",,N","    0",",,N",,
"US10merr002","2004-07-11","41.1161","-97.9929","519.1","CENTRAL CITY 0.8 SSE, NE US","   43",",,N","    0",",,N","    0",",,N",,
"US10merr002","2004-07-12","41.1161","-97.9929","519.1","CENTRAL CITY 0.8 SSE, NE US","    0",",,N","    0",",,N","    0",",,N",,
"US10merr002","2004-07-13","41.1161","-97.9929","519.1","CENTRAL CITY 0.8 SSE, NE US","   23",",,N","    0",",,N","    0",",,N",,
"US10merr002","2004-07-14","41.1161","-97.9929","519.1","CENTRAL CITY 0.8 SSE, NE US","   41",",,N","    0",",,N","    0",",,N",,
"US10merr002","2004-07-15","41.1161","-97.9929","519.1","CENTRAL CITY 0.8 SSE, NE US","    0",",,N",,,,,,
"US10merr002","2004-07-16","41.1161","-97.9929","519.1","CENTRAL CITY 0.8 SSE, NE US","    0",",,N",,,,,,
"US10merr002","2004-07-17","41.1161","-97.9929","519.1","CENTRAL CITY 0.8 SSE, NE US","    0",",,N",,,,,,
"US10merr002","2004-07-18","41.1161","-97.9929","519.1","CENTRAL CITY 0.8 SSE, NE US","    0",",,N",,,,,,
"US10merr002","2004-07-19","41.1161","-97.9929","519.1","CENTRAL CITY 0.8 SSE, NE US","    0",",,N",,,,,,
"US10merr002","2004-07-20","41.1161","-97.9929","519.1","CENTRAL CITY 0.8 SSE, NE US","    0",",,N","    0",",,N","    0",",,N",,
"US10merr002","2004-07-21","41.1161","-97.9929","519.1","CENTRAL CITY 0.8 SSE, NE US","   15",",,N","    0",",,N","    0",",,N",,
"US10merr002","2004-07-22","41.1161","-97.9929","519.1","CENTRAL CITY 0.8 SSE, NE US","  325",",,N","    0",",,N","    0",",,N",,
"US10merr002","2004-07-23","41.1161","-97.9929","519.1","CENTRAL CITY 0.8 SSE, NE US","    0",",,N","    0",",,N","    0",",,N",,
"US10merr002","2004-07-24","41.1161","-97.9929","519.1","CENTRAL CITY 0.8 SSE, NE US","   41",",,N","    0",",,N","    0",",,N",,
"US10merr002","2004-07-25","41.1161","-97.9929","519.1","CENTRAL CITY 0.8 SSE, NE US","   66",",,N","    0",",,N","    0",",,N",,
"US10merr002","2004-07-26","41.1161","-97.9929","519.1","CENTRAL CITY 0.8 SSE, NE US","    0",",,N","    0",",,N","    0",",,N",,
"US10merr002","2004-07-27","41.1161","-97.9929","519.1","CENTRAL CITY 0.8 SSE, NE US","    0",",,N","    0",",,N","    0",",,N",,
"US10merr002","2004-07-28","41.1161","-97.9929","519.1","CENTRAL CITY 0.8 SSE, NE US","    0",",,N","    0",",,N","    0",",,N",,
"US10merr002","2004-07-29","41.1161","-97.9929","519.1","CENTRAL CITY 0.8 SSE, NE US","   15",",,N","    0",",,N","    0",",,N",,
"US10merr002","2004-07-30","41.1161","-97.9929","519.1","CENTRAL CITY 0.8 SSE, NE US","   10",",,N","    0",",,N","    0",",,N",,
"US10merr002","2004-07-31","41.1161","-97.9929","519.1","CENTRAL CITY 0.8 SSE, NE US","    0",",,N","    0",",,N","    0",",,N",,
"US10merr002","2004-08-01","41.1161","-97.9929","519.1","CENTRAL CITY 0.8 SSE, NE US","    0",",,N","    0",",,N","    0",",,N",,
"US10merr002","2004-08-02","41.1161","-97.9929","519.1","CENTRAL CITY 0.8 SSE, NE US","    0",",,N","    0",",,N","    0",",,N",,
"US10merr002","2004-08-03","41.1161","-97.9929","519.1","CENTRAL CITY 0.8 SSE, NE US","    0",",,N",,,,,,
"US10merr002","2004-08-04","41.1161","-97.9929","519.1","CENTRAL CITY 0.8 SSE, NE US","    0",",,N",,,,,,
"US10merr002","2004-08-05","41.1161","-97.9929","519.1","CENTRAL CITY 0.8 SSE, NE US","    0",",,N","    0",",,N","    0",",,N",,
"US10merr002","2004-08-06","41.1161","-97.9929","519.1","CENTRAL CITY 0.8 SSE, NE US","    0",",,N","    0",",,N","    0",",,N",,
"US10merr002","2004-08-07","41.1161","-97.9929","519.1","CENTRAL CITY 0.8 SSE, NE US","    0",",,N","    0",",,N","    0",",,N",,
"US10merr002","2004-08-08","41.1161","-97.9929","519.1","CENTRAL CITY 0.8 SSE, NE US","  152",",,N","    0",",,N","    0",",,N",,
"US10merr002","2004-08-09","41.1161","-97.9929","519.1","CENTRAL CITY 0.8 SSE, NE US","    0",",,N","    0",",,N","    0",",,N",,
"US10merr002","2004-08-10","41.1161","-97.9929","519.1","CENTRAL CITY 0.8 SSE, NE US","    0",",,N","    0",",,N","    0",",,N",,
"US10merr002","2004-08-11","41.1161","-97.9929","519.1","CENTRAL CITY 0.8 SSE, NE US","   56",",,N","    0",",,N","    0",",,N",,
"US10merr002","2004-08-12","41.1161","-97.9929","519.1","CENTRAL CITY 0.8 SSE, NE US","    0",",,N","    0",",,N","    0",",,N",,
"US10merr002","2004-08-13","41.1161","-97.9929","519.1","CENTRAL CITY 0.8 SSE, NE US","    0",",,N","    0",",,N","    0",",,N",,
"US10merr002","2004-08-14","41.1161","-97.9929","519.1","CENTRAL CITY 0.8 SSE, NE US","    0",",,N","    0",",,N","    0",",,N",,
"US10merr002","2004-08-15","41.1161","-97.9929","519.1","CENTRAL CITY 0.8 SSE, NE US","    0",",,N","    0",",,N","    0",",,N",,
"US10merr002","2004-08-16","41.1161","-97.9929","519.1","CENTRAL CITY 0.8 SSE, NE US","    0",",,N","    0",",,N","    0",",,N",,
"US10merr002","2004-08-17","41.1161","-97.9929","519.1","CENTRAL CITY 0.8 SSE, NE US","    0",",,N","    0",",,N","    0",",,N",,
"US10merr002","2004-08-18","41.1161","-97.9929","519.1","CENTRAL CITY 0.8 SSE, NE US","    0",",,N","    0",",,N","    0",",,N",,
"US10merr002","2004-08-19","41.1161","-97.9929","519.1","CENTRAL CITY 0.8 SSE, NE US","    0",",,N","    0",",,N","    0",",,N",,
"US10merr002","2004-08-20","41.1161","-97.9929","519.1","CENTRAL CITY 0.8 SSE, NE US","    0",",,N","    0",",,N","    0",",,N",,
"US10merr002","2004-08-21","41.1161","-97.9929","519.1","CENTRAL CITY 0.8 SSE, NE US","    0",",,N","    0",",,N","    0",",,N",,
"US10merr002","2004-08-22","41.1161","-97.9929","519.1","CENTRAL CITY 0.8 SSE, NE US","    0",",,N","    0",",,N","    0",",,N",,
"US10merr002","2004-08-23","41.1161","-97.9929","519.1","CENTRAL CITY 0.8 SSE, NE US","    0",",,N","    0",",,N","    0",",,N",,
"US10merr002","2004-08-24","41.1161","-97.9929","519.1","CENTRAL CITY 0.8 SSE, NE US","   97",",,N","    0",",,N","    0",",,N",,
"US10merr002","2004-08-25","41.1161","-97.9929","519.1","CENTRAL CITY 0.8 SSE, NE US","    0",",,N","    0",",,N","    0",",,N",,
"US10merr002","2004-08-26","41.1161","-97.9929","519.1","CENTRAL CITY 0.8 SSE, NE US","    0",",,N","    0",",,N","    0",",,N",,
"US10merr002","2004-08-27","41.1161","-97.9929","519.1","CENTRAL CITY 0.8 SSE, NE US","    0",",,N","    0",",,N","    0",",,N",,
"US10merr002","2004-08-28","41.1161","-97.9929","519.1","CENTRAL CITY 0.8 SSE, NE US","    0",",,N","    0",",,N","    0",",,N",,
"US10merr002","2004-08-29","41.1161","-97.9929","519.1","CENTRAL CITY 0.8 SSE, NE US","    0",",,N","    0",",,N","    0",",,N",,
"US10merr002","2004-08-30","41.1161","-97.9929","519.1","CENTRAL CITY 0.8 SSE, NE US","    0",",,N","    0",",,N","    0",",,N",,
"US10merr002","2004-08-31","41.1161","-97.9929","519.1","CENTRAL CITY 0.8 SSE, NE US","    0",",,N","    0",",,N","    0",",,N",,
"US10merr002","2004-09-01","41.1161","-97.9929","519.1","CENTRAL CITY 0.8 SSE, NE US","    0",",,N","    0",",,N","    0",",,N",,
"US10merr002","2004-09-02","41.1161","-97.9929","519.1","CENTRAL CITY 0.8 SSE, NE US","    0",",,N","    0",",,N","    0",",,N",,
"US10merr002","2004-09-03","41.1161","-97.9929","519.1","CENTRAL CITY 0.8 SSE, NE US","    0",",,N","    0",",,N","    0",",,N",,
"US10merr002","2004-09-04","41.1161","-97.9929","519.1","CENTRAL CITY 0.8 SSE, NE US","    0",",,N","    0",",,N","    0",",,N",,
"US10merr002","2004-09-07","41.1161","-97.9929","519.1","CENTRAL CITY 0.8 SSE, NE US","    0",",,N","    0",",,N","    0",",,N",,
"US10merr002","2004-09-08","41.1161","-97.9929","519.1","CENTRAL CITY 0.8 SSE, NE US","    0",",,N","    0",",,N","    0",",,N",,
"US10merr002","2004-09-09","41.1161","-97.9929","519.1","CENTRAL CITY 0.8 SSE, NE US","    0",",,N","    0",",,N","    0",",,N",,
"US10merr002","2004-09-10","41.1161","-97.9929","519.1","CENTRAL CITY 0.8 SSE, NE US","    0",",,N","    0",",,N","    0",",,N",,
"US10merr002","2004-09-11","41.1161","-97.9929","519.1","CENTRAL CITY 0.8 SSE, NE US","    0",",,N","    0",",,N","    0",",,N",,
"US10merr002","2004-09-12","41.1161","-97.9929","519.1","CENTRAL CITY 0.8 SSE, NE US","    0",",,N","    0",",,N","    0",",,N",,
"US10merr002","2004-09-13","41.1161","-97.9929","519.1","CENTRAL CITY 0.8 SSE, NE US","    0",",,N","    0",",,N","    0",",,N",,
"US10merr002","2004-09-14","41.1161","-97.9929","519.1","CENTRAL CITY 0.8 SSE, NE US","   56",",,N","    0",",,N","    0",",,N",,
"US10merr002","2004-09-15","41.1161","-97.9929","519.1","CENTRAL CITY 0.8 SSE, NE US","  254",",,N","    0",",,N","    0",",,N",,
"US10merr002","2004-09-16","41.1161","-97.9929","519.1","CENTRAL CITY 0.8 SSE, NE US","    0",",,N","    0",",,N","    0",",,N",,
"US10merr002","2004-09-17","41.1161","-97.9929","519.1","CENTRAL CITY 0.8 SSE, NE US","    0",",,N","    0",",,N","    0",",,N",,
"US10merr002","2004-09-18","41.1161","-97.9929","519.1","CENTRAL CITY 0.8 SSE, NE US","    0",",,N","    0",",,N","    0",",,N",,
"US10merr002","2004-09-19","41.1161","-97.9929","519.1","CENTRAL CITY 0.8 SSE, NE US","    0",",,N","    0",",,N","    0",",,N",,
"US10merr002","2004-09-20","41.1161","-97.9929","519.1","CENTRAL CITY 0.8 SSE, NE US","    0",",,N","    0",",,N","    0",",,N",,
"US10merr002","2004-09-21","41.1161","-97.9929","519.1","CENTRAL CITY 0.8 SSE, NE US","    0",",,N","    0",",,N","    0",",,N",,
"US10merr002","2004-09-22","41.1161","-97.9929","519.1","CENTRAL CITY 0.8 SSE, NE US","    0",",,N","    0",",,N","    0",",,N",,
"US10merr002","2004-09-23","41.1161","-97.9929","519.1","CENTRAL CITY 0.8 SSE, NE US","  406",",,N","    0",",,N","    0",",,N",,
"US10merr002","2004-09-24","41.1161","-97.9929","519.1","CENTRAL CITY 0.8 SSE, NE US","    0",",,N","    0",",,N","    0",",,N",,
"US10merr002","2004-09-25","41.1161","-97.9929","519.1","CENTRAL CITY 0.8 SSE, NE US","    0",",,N","    0",",,N","    0",",,N",,
"US10merr002","2004-09-26","41.1161","-97.9929","519.1","CENTRAL CITY 0.8 SSE, NE US","    0",",,N","    0",",,N","    0",",,N",,
"US10merr002","2004-09-27","41.1161","-97.9929","519.1","CENTRAL CITY 0.8 SSE, NE US","    0",",,N","    0",",,N","    0",",,N",,
"US10merr002","2004-09-28","41.1161","-97.9929","519.1","CENTRAL CITY 0.8 SSE, NE US","   71",",,N","    0",",,N","    0",",,N",,
"US10merr002","2004-09-29","41.1161","-97.9929","519.1","CENTRAL CITY 0.8 SSE, NE US","    0",",,N","    0",",,N","    0",",,N",,
"US10merr002","2004-09-30","41.1161","-97.9929","519.1","CENTRAL CITY 0.8 SSE, NE US","    0",",,N","    0",",,N","    0",",,N",,
"US10merr002","2004-10-01","41.1161","-97.9929","519.1","CENTRAL CITY 0.8 SSE, NE US","    0",",,N","    0",",,N","    0",",,N",,
"US10merr002","2004-10-02","41.1161","-97.9929","519.1","CENTRAL CITY 0.8 SSE, NE US","   10",",,N","    0",",,N","    0",",,N",,
"US10merr002","2004-10-03","41.1161","-97.9929","519.1","CENTRAL CITY 0.8 SSE, NE US","    0",",,N",,,,,,
"US10merr002","2004-10-04","41.1161","-97.9929","519.1","CENTRAL CITY 0.8 SSE, NE US","    0",",,N","    0",",,N","    0",",,N",,
"US10merr002","2004-10-05","41.1161","-97.9929","519.1","CENTRAL CITY 0.8 SSE, NE US","    0",",,N","    0",",,N","    0",",,N",,
"US10merr002","2004-10-06","41.1161","-97.9929","519.1","CENTRAL CITY 0.8 SSE, NE US","    0",",,N","    0",",,N","    0",",,N",,
"US10merr002","2004-10-07","41.1161","-97.9929","519.1","CENTRAL CITY 0.8 SSE, NE US","  178",",,N","    0",",,N","    0",",,N",,
"US10merr002","2004-10-08","41.1161","-97.9929","519.1","CENTRAL CITY 0.8 SSE, NE US","    0",",,N","    0",",,N","    0",",,N",,
"US10merr002","2004-10-09","41.1161","-97.9929","519.1","CENTRAL CITY 0.8 SSE, NE US","    0",",,N","    0",",,N","    0",",,N",,
"US10merr002","2004-10-10","41.1161","-97.9929","519.1","CENTRAL CITY 0.8 SSE, NE US","    0",",,N",,,,,,
"US10merr002","2004-10-11","41.1161","-97.9929","519.1","CENTRAL CITY 0.8 SSE, NE US","    0",",,N","    0",",,N","    0",",,N",,
"US10merr002","2004-10-12","41.1161","-97.9929","519.1","CENTRAL CITY 0.8 SSE, NE US","    0",",,N","    0",",,N","    0",",,N",,
"US10merr002","2004-10-13","41.1161","-97.9929","519.1","CENTRAL CITY 0.8 SSE, NE US","    0",",,N","    0",",,N","    0",",,N",,
"US10merr002","2004-10-14","41.1161","-97.9929","519.1","CENTRAL CITY 0.8 SSE, NE US","    0",",,N","    0",",,N","    0",",,N",,
"US10merr002","2004-10-15","41.1161","-97.9929","519.1","CENTRAL CITY 0.8 SSE, NE US","    0",",,N","    0",",,N","    0",",,N",,
"US10merr002","2004-10-16","41.1161","-97.9929","519.1","CENTRAL CITY 0.8 SSE, NE US","    0",",,N","    0",",,N","    0",",,N",,
"US10merr002","2004-10-17","41.1161","-97.9929","519.1","CENTRAL CITY 0.8 SSE, NE US","    0",",,N","    0",",,N","    0",",,N",,
"US10merr002","2004-10-18","41.1161","-97.9929","519.1","CENTRAL CITY 0.8 SSE, NE US","    0",",,N","    0",",,N","    0",",,N",,
"US10merr002","2004-10-19","41.1161","-97.9929","519.1","CENTRAL CITY 0.8 SSE, NE US","    0",",,N","    0",",,N","    0",",,N",,
"US10merr002","2004-10-20","41.1161","-97.9929","519.1","CENTRAL CITY 0.8 SSE, NE US","    0",",,N","    0",",,N","    0",",,N",,
"US10merr002","2004-10-21","41.1161","-97.9929","519.1","CENTRAL CITY 0.8 SSE, NE US","    0",",,N","    0",",,N","    0",",,N",,
"US10merr002","2004-10-22","41.1161","-97.9929","519.1","CENTRAL CITY 0.8 SSE, NE US","    0",",,N","    0",",,N","    0",",,N",,
"US10merr002","2004-10-23","41.1161","-97.9929","519.1","CENTRAL CITY 0.8 SSE, NE US","    0",",,N","    0",",,N","    0",",,N",,
"US10merr002","2004-10-24","41.1161","-97.9929","519.1","CENTRAL CITY 0.8 SSE, NE US","    0",",,N",,,,,,
"US10merr002","2004-10-25","41.1161","-97.9929","519.1","CENTRAL CITY 0.8 SSE, NE US","    0",",,N","    0",",,N","    0",",,N",,
"US10merr002","2004-10-26","41.1161","-97.9929","519.1","CENTRAL CITY 0.8 SSE, NE US","    0",",,N","    0",",,N","    0",",,N",,
"US10merr002","2004-10-27","41.1161","-97.9929","519.1","CENTRAL CITY 0.8 SSE, NE US","    0",",,N","    0",",,N","    0",",,N",,
"US10merr002","2004-10-28","41.1161","-97.9929","519.1","CENTRAL CITY 0.8 SSE, NE US","  122",",,N","    0",",,N","    0",",,N",,
"US10merr002","2004-10-29","41.1161","-97.9929","519.1","CENTRAL CITY 0.8 SSE, NE US","    0",",,N","    0",",,N","    0",",,N",,
"US10merr002","2004-10-30","41.1161","-97.9929","519.1","CENTRAL CITY 0.8 SSE, NE US","    0",",,N","    0",",,N","    0",",,N",,
"US10merr002","2004-10-31","41.1161","-97.9929","519.1","CENTRAL CITY 0.8 SSE, NE US","    0",",,N","    0",",,N","    0",",,N",,
"US10merr002","2004-11-01","41.1161","-97.9929","519.1","CENTRAL CITY 0.8 SSE, NE US","    0",",,N","    0",",,N","    0",",,N",,
"US10merr002","2004-11-02","41.1161","-97.9929","519.1","CENTRAL CITY 0.8 SSE, NE US","   30",",,N","    0",",,N","    0",",,N",,
"US10merr002","2004-11-03","41.1161","-97.9929","519.1","CENTRAL CITY 0.8 SSE, NE US","    0",",,N","    0",",,N","    0",",,N",,
"US10merr002","2004-11-04","41.1161","-97.9929","519.1","CENTRAL CITY 0.8 SSE, NE US","    0",",,N","    0",",,N","    0",",,N",,
"US10merr002","2004-11-05","41.1161","-97.9929","519.1","CENTRAL CITY 0.8 SSE, NE US","    0",",,N","    0",",,N","    0",",,N",,
"US10merr002","2004-11-06","41.1161","-97.9929","519.1","CENTRAL CITY 0.8 SSE, NE US","    0",",,N","    0",",,N","    0",",,N",,
"US10merr002","2004-11-07","41.1161","-97.9929","519.1","CENTRAL CITY 0.8 SSE, NE US","    0",",,N","    0",",,N","    0",",,N",,
"US10merr002","2004-11-08","41.1161","-97.9929","519.1","CENTRAL CITY 0.8 SSE, NE US","    0",",,N","    0",",,N","    0",",,N",,
"US10merr002","2004-11-09","41.1161","-97.9929","519.1","CENTRAL CITY 0.8 SSE, NE US","    0",",,N","    0",",,N","    0",",,N",,
"US10merr002","2004-11-10","41.1161","-97.9929","519.1","CENTRAL CITY 0.8 SSE, NE US","    0",",,N","    0",",,N","    0",",,N",,
"US10merr002","2004-11-11","41.1161","-97.9929","519.1","CENTRAL CITY 0.8 SSE, NE US","  102",",,N","    0",",,N","    0",",,N",,
"US10merr002","2004-11-12","41.1161","-97.9929","519.1","CENTRAL CITY 0.8 SSE, NE US","    0",",,N","    0",",,N","    0",",,N",,
"US10merr002","2004-11-13","41.1161","-97.9929","519.1","CENTRAL CITY 0.8 SSE, NE US","    0",",,N","    0",",,N","    0",",,N",,
"US10merr002","2004-11-14","41.1161","-97.9929","519.1","CENTRAL CITY 0.8 SSE, NE US","    0",",,N","    0",",,N","    0",",,N",,
"US10merr002","2004-11-15","41.1161","-97.9929","519.1","CENTRAL CITY 0.8 SSE, NE US","    0",",,N","    0",",,N","    0",",,N",,
"US10merr002","2004-11-16","41.1161","-97.9929","519.1","CENTRAL CITY 0.8 SSE, NE US","    0",",,N","    0",",,N","    0",",,N",,
"US10merr002","2004-11-17","41.1161","-97.9929","519.1","CENTRAL CITY 0.8 SSE, NE US","    0",",,N","    0",",,N","    0",",,N",,
"US10merr002","2004-11-18","41.1161","-97.9929","519.1","CENTRAL CITY 0.8 SSE, NE US","   71",",,N","    0",",,N","    0",",,N",,
"US10merr002","2004-11-19","41.1161","-97.9929","519.1","CENTRAL CITY 0.8 SSE, NE US","  224",",,N","    0",",,N","    0",",,N",,
"US10merr002","2004-11-20","41.1161","-97.9929","519.1","CENTRAL CITY 0.8 SSE, NE US","    0",",,N","    0",",,N","    0",",,N",,
"US10merr002","2004-11-21","41.1161","-97.9929","519.1","CENTRAL CITY 0.8 SSE, NE US","    0",",,N","    0",",,N","    0",",,N",,
"US10merr002","2004-11-22","41.1161","-97.9929","519.1","CENTRAL CITY 0.8 SSE, NE US","    0",",,N","    0",",,N","    0",",,N",,
"US10merr002","2004-11-23","41.1161","-97.9929","519.1","CENTRAL CITY 0.8 SSE, NE US","    0",",,N","    0",",,N","    0",",,N",,
"US10merr002","2004-11-24","41.1161","-97.9929","519.1","CENTRAL CITY 0.8 SSE, NE US","    0",",,N","    0",",,N","    0",",,N",,
"US10merr002","2004-11-25","41.1161","-97.9929","519.1","CENTRAL CITY 0.8 SSE, NE US","    0",",,N","    0",",,N","    0",",,N",,
"US10merr002","2004-11-28","41.1161","-97.9929","519.1","CENTRAL CITY 0.8 SSE, NE US","    0",",,N","    0",",,N","    0",",,N",,
"US10merr002","2004-11-29","41.1161","-97.9929","519.1","CENTRAL CITY 0.8 SSE, NE US","   61",",,N","  102",",,N","    0",",,N",,
"US10merr002","2004-11-30","41.1161","-97.9929","519.1","CENTRAL CITY 0.8 SSE, NE US","    0",",,N","    0",",,N","    0",",,N",,
"US10merr002","2004-12-01","41.1161","-97.9929","519.1","CENTRAL CITY 0.8 SSE, NE US","    0",",,N","    0",",,N","    0",",,N",,
"US10merr002","2004-12-02","41.1161","-97.9929","519.1","CENTRAL CITY 0.8 SSE, NE US","    0",",,N","    0",",,N","    0",",,N",,
"US10merr002","2004-12-03","41.1161","-97.9929","519.1","CENTRAL CITY 0.8 SSE, NE US","    0",",,N","    0",",,N","    0",",,N",,
"US10merr002","2004-12-04","41.1161","-97.9929","519.1","CENTRAL CITY 0.8 SSE, NE US","    0",",,N","    0",",,N","    0",",,N",,
"US10merr002","2004-12-05","41.1161","-97.9929","519.1","CENTRAL CITY 0.8 SSE, NE US","    0",",,N","    0",",,N","    0",",,N",,
"US10merr002","2004-12-06","41.1161","-97.9929","519.1","CENTRAL CITY 0.8 SSE, NE US","    0",",,N","    0",",,N","    0",",,N",,
"US10merr002","2004-12-07","41.1161","-97.9929","519.1","CENTRAL CITY 0.8 SSE, NE US","    0",",,N",,,,,,
"US10merr002","2004-12-08","41.1161","-97.9929","519.1","CENTRAL CITY 0.8 SSE, NE US","    0",",,N","    0",",,N","    0",",,N",,
"US10merr002","2004-12-09","41.1161","-97.9929","519.1","CENTRAL CITY 0.8 SSE, NE US","    0",",,N","    0",",,N","    0",",,N",,
"US10merr002","2004-12-10","41.1161","-97.9929","519.1","CENTRAL CITY 0.8 SSE, NE US","    0",",,N","    0",",,N","    0",",,N",,
"US10merr002","2004-12-11","41.1161","-97.9929","519.1","CENTRAL CITY 0.8 SSE, NE US","    0",",,N","    0",",,N","    0",",,N",,
"US10merr002","2004-12-12","41.1161","-97.9929","519.1","CENTRAL CITY 0.8 SSE, NE US","    0",",,N","    0",",,N","    0",",,N",,
"US10merr002","2004-12-13","41.1161","-97.9929","519.1","CENTRAL CITY 0.8 SSE, NE US","    0",",,N",,,,,,
"US10merr002","2004-12-14","41.1161","-97.9929","519.1","CENTRAL CITY 0.8 SSE, NE US","    0",",,N","    0",",,N","    0",",,N",,
"US10merr002","2004-12-15","41.1161","-97.9929","519.1","CENTRAL CITY 0.8 SSE, NE US","    0",",,N","    0",",,N","    0",",,N",,
"US10merr002","2004-12-16","41.1161","-97.9929","519.1","CENTRAL CITY 0.8 SSE, NE US","    0",",,N",,,,,,
"US10merr002","2004-12-17","41.1161","-97.9929","519.1","CENTRAL CITY 0.8 SSE, NE US","    0",",,N","    0",",,N","    0",",,N",,
"US10merr002","2004-12-18","41.1161","-97.9929","519.1","CENTRAL CITY 0.8 SSE, NE US","    0",",,N",,,,,,
"US10merr002","2004-12-19","41.1161","-97.9929","519.1","CENTRAL CITY 0.8 SSE, NE US","    0",",,N","    0",",,N","    0",",,N",,
"US10merr002","2004-12-20","41.1161","-97.9929","519.1","CENTRAL CITY 0.8 SSE, NE US","    0",",,N","    0",",,N","    0",",,N",,
"US10merr002","2004-12-21","41.1161","-97.9929","519.1","CENTRAL CITY 0.8 SSE, NE US","    0",",,N","    0",",,N","    0",",,N",,
"US10merr002","2004-12-22","41.1161","-97.9929","519.1","CENTRAL CITY 0.8 SSE, NE US","    0",",,N","    0",",,N","    0",",,N",,
"US10merr002","2004-12-23","41.1161","-97.9929","519.1","CENTRAL CITY 0.8 SSE, NE US","    0",",,N","    0",",,N","    0",",,N",,
"US10merr002","2004-12-24","41.1161","-97.9929","519.1","CENTRAL CITY 0.8 SSE, NE US","    0",",,N","    0",",,N","    0",",,N",,
"US10merr002","2004-12-25","41.1161","-97.9929","519.1","CENTRAL CITY 0.8 SSE, NE US","    0",",,N","    0",",,N","    0",",,N",,
"US10merr002","2004-12-26","41.1161","-97.9929","519.1","CENTRAL CITY 0.8 SSE, NE US","    0",",,N","    0",",,N","    0",",,N",,
"US10merr002","2004-12-27","41.1161","-97.9929","519.1","CENTRAL CITY 0.8 SSE, NE US","    0",",,N",,,,,,
"US10merr002","2004-12-28","41.1161","-97.9929","519.1","CENTRAL CITY 0.8 SSE, NE US","    0",",,N","    0",",,N","    0",",,N",,
"US10merr002","2004-12-29","41.1161","-97.9929","519.1","CENTRAL CITY 0.8 SSE, NE US","    0",",,N","    0",",,N","    0",",,N",,
"US10merr002","2004-12-30","41.1161","-97.9929","519.1","CENTRAL CITY 0.8 SSE, NE US","    0",",,N","    0",",,N","    0",",,N",,
"US10merr002","2004-12-31","41.1161","-97.9929","519.1","CENTRAL CITY 0.8 SSE, NE US","    0",",,N","    0",",,N","    0",",,N",,
"US10merr002","2005-01-01","41.1161","-97.9929","519.1","CENTRAL CITY 0.8 SSE, NE US","    0",",,N","    0",",,N","    0",",,N",,
"US10merr002","2005-01-02","41.1161","-97.9929","519.1","CENTRAL CITY 0.8 SSE, NE US","    0",",,N","    0",",,N","    0",",,N",,
"US10merr002","2005-01-03","41.1161","-97.9929","519.1","CENTRAL CITY 0.8 SSE, NE US","    0",",,N","    0",",,N","    0",",,N",,
"US10merr002","2005-01-04","41.1161","-97.9929","519.1","CENTRAL CITY 0.8 SSE, NE US","    0",",,N","    0",",,N","    0",",,N",,
"US10merr002","2005-01-05","41.1161","-97.9929","519.1","CENTRAL CITY 0.8 SSE, NE US","    0",",,N","  102",",,N","  102",",,N","  107",",,N"
"US10merr002","2005-01-06","41.1161","-97.9929","519.1","CENTRAL CITY 0.8 SSE, NE US","   13",",,N","  127",",,N","  229",",,N",,
"US10merr002","2005-01-07","41.1161","-97.9929","519.1","CENTRAL CITY 0.8 SSE, NE US","    0",",,N","    0",",,N","    0",",,N",,
"US10merr002","2005-01-08","41.1161","-97.9929","519.1","CENTRAL CITY 0.8 SSE, NE US","    0",",,N","    0",",,N","    0",",,N",,
"US10merr002","2005-01-09","41.1161","-97.9929","519.1","CENTRAL CITY 0.8 SSE, NE US","    0",",,N","    0",",,N","    0",",,N",,
"US10merr002","2005-01-10","41.1161","-97.9929","519.1","CENTRAL CITY 0.8 SSE, NE US","    0",",,N","    0",",,N","    0",",,N",,
"US10merr002","2005-01-11","41.1161","-97.9929","519.1","CENTRAL CITY 0.8 SSE, NE US","    0",",,N","    0",",,N","    0",",,N",,
"US10merr002","2005-01-12","41.1161","-97.9929","519.1","CENTRAL CITY 0.8 SSE, NE US","    0",",,N","    0",",,N","    0",",,N",,
"US10merr002","2005-01-13","41.1161","-97.9929","519.1","CENTRAL CITY 0.8 SSE, NE US","    0",",,N","    0",",,N","    0",",I,N",,
"US10merr002","2005-01-14","41.1161","-97.9929","519.1","CENTRAL CITY 0.8 SSE, NE US","   18",",,N","   89",",I,N","  173",",I,N",,
"US10merr002","2005-01-15","41.1161","-97.9929","519.1","CENTRAL CITY 0.8 SSE, NE US","    0",",,N","    0",",,N","    0",",,N",,
"US10merr002","2005-01-16","41.1161","-97.9929","519.1","CENTRAL CITY 0.8 SSE, NE US","    0",",,N",,,,,,
"US10merr002","2005-01-17","41.1161","-97.9929","519.1","CENTRAL CITY 0.8 SSE, NE US","    0",",,N","    0",",,N","    0",",,N",,
"US10merr002","2005-01-18","41.1161","-97.9929","519.1","CENTRAL CITY 0.8 SSE, NE US","    0",",,N","    0",",,N","    0",",,N",,
"US10merr002","2005-01-19","41.1161","-97.9929","519.1","CENTRAL CITY 0.8 SSE, NE US","    0",",,N","    0",",,N","    0",",,N",,
"US10merr002","2005-01-20","41.1161","-97.9929","519.1","CENTRAL CITY 0.8 SSE, NE US","    0",",,N","    0",",,N","    0",",,N",,
"US10merr002","2005-01-21","41.1161","-97.9929","519.1","CENTRAL CITY 0.8 SSE, NE US","    0",",,N","    0",",,N","    0",",,N",,
"US10merr002","2005-01-22","41.1161","-97.9929","519.1","CENTRAL CITY 0.8 SSE, NE US","    0",",,N","    0",",,N","    0",",,N",,
"US10merr002","2005-01-23","41.1161","-97.9929","519.1","CENTRAL CITY 0.8 SSE, NE US","    0",",,N","    0",",,N","    0",",,N",,
"US10merr002","2005-01-24","41.1161","-97.9929","519.1","CENTRAL CITY 0.8 SSE, NE US","    0",",,N","    0",",,N","    0",",,N",,
"US10merr002","2005-01-25","41.1161","-97.9929","519.1","CENTRAL CITY 0.8 SSE, NE US","    0",",,N","    0",",,N","    0",",,N",,
"US10merr002","2005-01-26","41.1161","-97.9929","519.1","CENTRAL CITY 0.8 SSE, NE US","    0",",,N","    0",",,N","    0",",,N",,
"US10merr002","2005-01-27","41.1161","-97.9929","519.1","CENTRAL CITY 0.8 SSE, NE US","    0",",,N","    0",",,N","    0",",,N",,
"US10merr002","2005-01-28","41.1161","-97.9929","519.1","CENTRAL CITY 0.8 SSE, NE US","    0","T,,N","    0","T,,N","   13",",,N",,
"US10merr002","2005-01-29","41.1161","-97.9929","519.1","CENTRAL CITY 0.8 SSE, NE US","    0",",,N","    0",",,N","    0",",,N",,
"US10merr002","2005-01-30","41.1161","-97.9929","519.1","CENTRAL CITY 0.8 SSE, NE US","    0",",,N","    0",",,N","    0",",,N",,
"US10merr002","2005-01-31","41.1161","-97.9929","519.1","CENTRAL CITY 0.8 SSE, NE US","    0",",,N","    0",",,N","    0",",,N",,
"US10merr002","2005-02-01","41.1161","-97.9929","519.1","CENTRAL CITY 0.8 SSE, NE US","    0",",,N","    0",",,N","    0",",,N",,
"US10merr002","2005-02-02","41.1161","-97.9929","519.1","CENTRAL CITY 0.8 SSE, NE US","    0",",,N","    0",",,N","    0",",,N",,
"US10merr002","2005-02-03","41.1161","-97.9929","519.1","CENTRAL CITY 0.8 SSE, NE US","    0",",,N","    0",",,N","    0",",,N",,
"US10merr002","2005-02-04","41.1161","-97.9929","519.1","CENTRAL CITY 0.8 SSE, NE US","    0",",,N","    0",",,N","    0",",,N",,
"US10merr002","2005-02-05","41.1161","-97.9929","519.1","CENTRAL CITY 0.8 SSE, NE US","    0",",,N","    0",",,N","    0",",,N",,
"US10merr002","2005-02-06","41.1161","-97.9929","519.1","CENTRAL CITY 0.8 SSE, NE US","    0",",,N","    0",",,N","    0",",,N",,
"US10merr002","2005-02-07","41.1161","-97.9929","519.1","CENTRAL CITY 0.8 SSE, NE US","   64",",,N","   38",",,N","   38",",,N",,
"US10merr002","2005-02-08","41.1161","-97.9929","519.1","CENTRAL CITY 0.8 SSE, NE US","    0",",,N","    0",",,N","    0",",I,N",,
"US10merr002","2005-02-09","41.1161","-97.9929","519.1","CENTRAL CITY 0.8 SSE, NE US","   30",",,N","   38",",I,N","   71",",I,N",,
"US10merr002","2005-02-10","41.1161","-97.9929","519.1","CENTRAL CITY 0.8 SSE, NE US","    0",",,N","    0",",,N","    0",",,N",,
"US10merr002","2005-02-11","41.1161","-97.9929","519.1","CENTRAL CITY 0.8 SSE, NE US","    0",",,N","    0",",,N","    0",",,N",,
"US10merr002","2005-02-12","41.1161","-97.9929","519.1","CENTRAL CITY 0.8 SSE, NE US","    0",",,N","    0",",,N","    0",",,N",,
"US10merr002","2005-02-13","41.1161","-97.9929","519.1","CENTRAL CITY 0.8 SSE, NE US","  102",",,N","    0",",,N","    0",",,N",,
"US10merr002","2005-02-14","41.1161","-97.9929","519.1","CENTRAL CITY 0.8 SSE, NE US","    0",",,N","    0",",,N","    0",",,N",,
"US10merr002","2005-02-15","41.1161","-97.9929","519.1","CENTRAL CITY 0.8 SSE, NE US","    0",",,N","    0",",,N","    0",",,N",,
"US10merr002","2005-02-16","41.1161","-97.9929","519.1","CENTRAL CITY 0.8 SSE, NE US","    0",",,N","    0",",,N","    0",",,N",,
"US10merr002","2005-02-17","41.1161","-97.9929","519.1","CENTRAL CITY 0.8 SSE, NE US","    0",",,N","    0",",,N","    0",",,N",,
"US10merr002","2005-02-18","41.1161","-97.9929","519.1","CENTRAL CITY 0.8 SSE, NE US","    0",",,N","    0",",,N","    0",",,N",,
"US10merr002","2005-02-19","41.1161","-97.9929","519.1","CENTRAL CITY 0.8 SSE, NE US","    0",",,N","    0",",,N","    0",",,N",,
"US10merr002","2005-02-20","41.1161","-97.9929","519.1","CENTRAL CITY 0.8 SSE, NE US","    0",",,N","    0",",,N","    0",",,N",,
"US10merr002","2005-02-21","41.1161","-97.9929","519.1","CENTRAL CITY 0.8 SSE, NE US","    0",",,N","    0",",,N","    0",",,N",,
"US10merr002","2005-02-22","41.1161","-97.9929","519.1","CENTRAL CITY 0.8 SSE, NE US","    0",",,N","    0",",,N","    0",",,N",,
"US10merr002","2005-02-23","41.1161","-97.9929","519.1","CENTRAL CITY 0.8 SSE, NE US","    0",",,N","    0",",,N","    0",",,N",,
"US10merr002","2005-02-24","41.1161","-97.9929","519.1","CENTRAL CITY 0.8 SSE, NE US","    0",",,N","    0",",,N","    0",",,N",,
"US10merr002","2005-02-25","41.1161","-97.9929","519.1","CENTRAL CITY 0.8 SSE, NE US","    0",",,N","    0",",,N","    0",",,N",,
"US10merr002","2005-02-26","41.1161","-97.9929","519.1","CENTRAL CITY 0.8 SSE, NE US","    0",",,N","    0",",,N","    0",",,N",,
"US10merr002","2005-02-27","41.1161","-97.9929","519.1","CENTRAL CITY 0.8 SSE, NE US","    0",",,N","    0",",,N","    0",",,N",,
"US10merr002","2005-02-28","41.1161","-97.9929","519.1","CENTRAL CITY 0.8 SSE, NE US","    0",",,N","    0",",,N","    0",",,N",,
"US10merr002","2005-03-01","41.1161","-97.9929","519.1","CENTRAL CITY 0.8 SSE, NE US","    0",",,N","    0",",,N","    0",",,N",,
"US10merr002","2005-03-02","41.1161","-97.9929","519.1","CENTRAL CITY 0.8 SSE, NE US","    0",",,N","    0",",,N","    0",",,N",,
"US10merr002","2005-03-03","41.1161","-97.9929","519.1","CENTRAL CITY 0.8 SSE, NE US","    0",",,N","    0",",,N","    0",",,N",,
"US10merr002","2005-03-04","41.1161","-97.9929","519.1","CENTRAL CITY 0.8 SSE, NE US","    0",",,N","    0",",,N","    0",",,N",,
"US10merr002","2005-03-05","41.1161","-97.9929","519.1","CENTRAL CITY 0.8 SSE, NE US","    0",",,N","    0",",,N","    0",",,N",,
"US10merr002","2005-03-06","41.1161","-97.9929","519.1","CENTRAL CITY 0.8 SSE, NE US","    0",",,N","    0",",,N","    0",",,N",,
"US10merr002","2005-03-07","41.1161","-97.9929","519.1","CENTRAL CITY 0.8 SSE, NE US","    0",",,N","    0",",,N","    0",",,N",,
"US10merr002","2005-03-08","41.1161","-97.9929","519.1","CENTRAL CITY 0.8 SSE, NE US","    0",",,N","    0",",,N","    0",",,N",,
"US10merr002","2005-03-09","41.1161","-97.9929","519.1","CENTRAL CITY 0.8 SSE, NE US","    0","T,,N","    0",",,N","    0",",,N",,
"US10merr002","2005-03-10","41.1161","-97.9929","519.1","CENTRAL CITY 0.8 SSE, NE US","    0",",,N","    0",",,N","    0",",,N",,
"US10merr002","2005-03-11","41.1161","-97.9929","519.1","CENTRAL CITY 0.8 SSE, NE US","    0",",,N","    0",",,N","    0",",,N",,
"US10merr002","2005-03-12","41.1161","-97.9929","519.1","CENTRAL CITY 0.8 SSE, NE US","    0",",,N","    0",",,N","    0",",,N",,
"US10merr002","2005-03-13","41.1161","-97.9929","519.1","CENTRAL CITY 0.8 SSE, NE US","    0",",,N","    0",",,N","    0",",,N",,
"US10merr002","2005-03-14","41.1161","-97.9929","519.1","CENTRAL CITY 0.8 SSE, NE US","    0",",,N","    0",",,N","    0",",,N",,
"US10merr002","2005-03-15","41.1161","-97.9929","519.1","CENTRAL CITY 0.8 SSE, NE US","    0",",,N","    0",",,N","    0",",,N",,
"US10merr002","2005-03-16","41.1161","-97.9929","519.1","CENTRAL CITY 0.8 SSE, NE US","    0",",,N","    0",",,N","    0",",,N",,
"US10merr002","2005-03-17","41.1161","-97.9929","519.1","CENTRAL CITY 0.8 SSE, NE US","    0",",,N","    0",",,N","    0",",,N",,
"US10merr002","2005-03-18","41.1161","-97.9929","519.1","CENTRAL CITY 0.8 SSE, NE US","    0",",,N",,,,,,
"US10merr002","2005-03-19","41.1161","-97.9929","519.1","CENTRAL CITY 0.8 SSE, NE US","    0",",,N","    0",",,N","    0",",,N",,
"US10merr002","2005-03-20","41.1161","-97.9929","519.1","CENTRAL CITY 0.8 SSE, NE US","    0",",,N","    0",",,N","    0",",,N",,
"US10merr002","2005-03-21","41.1161","-97.9929","519.1","CENTRAL CITY 0.8 SSE, NE US","  165",",,N","    0",",,N","    0",",,N",,
"US10merr002","2005-03-22","41.1161","-97.9929","519.1","CENTRAL CITY 0.8 SSE, NE US","   61",",,N","    0",",,N","    0",",,N",,
"US10merr002","2005-03-23","41.1161","-97.9929","519.1","CENTRAL CITY 0.8 SSE, NE US","    0",",,N","    0",",,N","    0",",,N",,
"US10merr002","2005-03-24","41.1161","-97.9929","519.1","CENTRAL CITY 0.8 SSE, NE US","   51",",,N","    0",",,N","    0",",,N",,
"US10merr002","2005-03-25","41.1161","-97.9929","519.1","CENTRAL CITY 0.8 SSE, NE US","    0",",,N","    0",",,N","    0",",,N",,
"US10merr002","2005-03-26","41.1161","-97.9929","519.1","CENTRAL CITY 0.8 SSE, NE US","    0",",,N","    0",",,N","    0",",,N",,
"US10merr002","2005-03-27","41.1161","-97.9929","519.1","CENTRAL CITY 0.8 SSE, NE US","    0",",,N","    0",",,N","    0",",,N",,
"US10merr002","2005-03-28","41.1161","-97.9929","519.1","CENTRAL CITY 0.8 SSE, NE US","    0",",,N","    0",",,N","    0",",,N",,
"US10merr002","2005-03-29","41.1161","-97.9929","519.1","CENTRAL CITY 0.8 SSE, NE US","    0",",,N","    0",",,N","    0",",,N",,
"US10merr002","2005-03-30","41.1161","-97.9929","519.1","CENTRAL CITY 0.8 SSE, NE US","    0","T,,N","    0",",,N","    0",",,N",,
"US10merr002","2005-03-31","41.1161","-97.9929","519.1","CENTRAL CITY 0.8 SSE, NE US","    0",",,N",,,,,,
"US10merr002","2005-04-01","41.1161","-97.9929","519.1","CENTRAL CITY 0.8 SSE, NE US","    0",",,N",,,,,,
"US10merr002","2005-04-02","41.1161","-97.9929","519.1","CENTRAL CITY 0.8 SSE, NE US","    0",",,N",,,,,,
"US10merr002","2005-04-03","41.1161","-97.9929","519.1","CENTRAL CITY 0.8 SSE, NE US","    0",",,N","    0",",,N","    0",",,N",,
"US10merr002","2005-04-04","41.1161","-97.9929","519.1","CENTRAL CITY 0.8 SSE, NE US","    0",",,N",,,,,,
"US10merr002","2005-04-05","41.1161","-97.9929","519.1","CENTRAL CITY 0.8 SSE, NE US","    0",",,N",,,,,,
"US10merr002","2005-04-06","41.1161","-97.9929","519.1","CENTRAL CITY 0.8 SSE, NE US","    0",",,N",,,,,,
"US10merr002","2005-04-07","41.1161","-97.9929","519.1","CENTRAL CITY 0.8 SSE, NE US","    0",",,N",,,,,,
"US10merr002","2005-04-08","41.1161","-97.9929","519.1","CENTRAL CITY 0.8 SSE, NE US","    0",",,N",,,,,,
"US10merr002","2005-04-09","41.1161","-97.9929","519.1","CENTRAL CITY 0.8 SSE, NE US","    0",",,N","    0",",,N","    0",",,N",,
"US10merr002","2005-04-10","41.1161","-97.9929","519.1","CENTRAL CITY 0.8 SSE, NE US","   94",",,N","    0",",,N","    0",",,N",,
"US10merr002","2005-04-11","41.1161","-97.9929","519.1","CENTRAL CITY 0.8 SSE, NE US","  295",",,N","    0",",,N","    0",",,N",,
"US10merr002","2005-04-12","41.1161","-97.9929","519.1","CENTRAL CITY 0.8 SSE, NE US","    0",",,N","    0",",,N","    0",",,N",,
"US10merr002","2005-04-13","41.1161","-97.9929","519.1","CENTRAL CITY 0.8 SSE, NE US","    0",",,N","    0",",,N","    0",",,N",,
"US10merr002","2005-04-14","41.1161","-97.9929","519.1","CENTRAL CITY 0.8 SSE, NE US","    0",",,N","    0",",,N","    0",",,N",,
"US10merr002","2005-04-15","41.1161","-97.9929","519.1","CENTRAL CITY 0.8 SSE, NE US","    0",",,N","    0",",,N","    0",",,N",,
"US10merr002","2005-04-16","41.1161","-97.9929","519.1","CENTRAL CITY 0.8 SSE, NE US","    0",",,N","    0",",,N","    0",",,N",,
"US10merr002","2005-04-17","41.1161","-97.9929","519.1","CENTRAL CITY 0.8 SSE, NE US","    0",",,N","    0",",,N","    0",",,N",,
"US10merr002","2005-04-18","41.1161","-97.9929","519.1","CENTRAL CITY 0.8 SSE, NE US","    0",",,N","    0",",,N","    0",",,N",,
"US10merr002","2005-04-19","41.1161","-97.9929","519.1","CENTRAL CITY 0.8 SSE, NE US","  168",",,N","    0",",,N","    0",",,N",,
"US10merr002","2005-04-20","41.1161","-97.9929","519.1","CENTRAL CITY 0.8 SSE, NE US","   43",",,N","    0",",,N","    0",",,N",,
"US10merr002","2005-04-21","41.1161","-97.9929","519.1","CENTRAL CITY 0.8 SSE, NE US","    0",",,N","    0",",,N","    0",",,N",,
"US10merr002","2005-04-22","41.1161","-97.9929","519.1","CENTRAL CITY 0.8 SSE, NE US","   46",",,N","    0",",,N","    0",",,N",,
"US10merr002","2005-04-23","41.1161","-97.9929","519.1","CENTRAL CITY 0.8 SSE, NE US","    0",",,N","    0",",,N","    0",",,N",,
"US10merr002","2005-04-24","41.1161","-97.9929","519.1","CENTRAL CITY 0.8 SSE, NE US","    0",",,N","    0",",,N","    0",",,N",,
"US10merr002","2005-04-25","41.1161","-97.9929","519.1","CENTRAL CITY 0.8 SSE, NE US","    0",",,N","    0",",,N","    0",",,N",,
"US10merr002","2005-04-26","41.1161","-97.9929","519.1","CENTRAL CITY 0.8 SSE, NE US","    0",",,N","    0",",,N","    0",",,N",,
"US10merr002","2005-04-27","41.1161","-97.9929","519.1","CENTRAL CITY 0.8 SSE, NE US","    0",",,N","    0",",,N","    0",",,N",,
"US10merr002","2005-04-28","41.1161","-97.9929","519.1","CENTRAL CITY 0.8 SSE, NE US","    0",",,N","    0",",,N","    0",",,N",,
"US10merr002","2005-04-29","41.1161","-97.9929","519.1","CENTRAL CITY 0.8 SSE, NE US","    0",",,N","    0",",,N","    0",",,N",,
"US10merr002","2005-04-30","41.1161","-97.9929","519.1","CENTRAL CITY 0.8 SSE, NE US","    0",",,N","    0",",,N","    0",",,N",,
"US10merr002","2005-05-01","41.1161","-97.9929","519.1","CENTRAL CITY 0.8 SSE, NE US","    0",",,N","    0",",,N","    0",",,N",,
"US10merr002","2005-05-02","41.1161","-97.9929","519.1","CENTRAL CITY 0.8 SSE, NE US","    0",",,N","    0",",,N","    0",",,N",,
"US10merr002","2005-05-03","41.1161","-97.9929","519.1","CENTRAL CITY 0.8 SSE, NE US","    0",",,N","    0",",,N","    0",",,N",,
"US10merr002","2005-05-04","41.1161","-97.9929","519.1","CENTRAL CITY 0.8 SSE, NE US","    0",",,N","    0",",,N","    0",",,N",,
"US10merr002","2005-05-05","41.1161","-97.9929","519.1","CENTRAL CITY 0.8 SSE, NE US","    0",",,N","    0",",,N","    0",",,N",,
"US10merr002","2005-05-06","41.1161","-97.9929","519.1","CENTRAL CITY 0.8 SSE, NE US","    0",",,N","    0",",,N","    0",",,N",,
"US10merr002","2005-05-07","41.1161","-97.9929","519.1","CENTRAL CITY 0.8 SSE, NE US","    0",",,N","    0",",,N","    0",",,N",,
"US10merr002","2005-05-08","41.1161","-97.9929","519.1","CENTRAL CITY 0.8 SSE, NE US","    0",",,N","    0",",,N","    0",",,N",,
"US10merr002","2005-05-09","41.1161","-97.9929","519.1","CENTRAL CITY 0.8 SSE, NE US","    0",",,N","    0",",,N","    0",",,N",,
"US10merr002","2005-05-10","41.1161","-97.9929","519.1","CENTRAL CITY 0.8 SSE, NE US","    0",",,N","    0",",,N","    0",",,N",,
"US10merr002","2005-05-11","41.1161","-97.9929","519.1","CENTRAL CITY 0.8 SSE, NE US","  107",",,N","    0",",,N","    0",",,N",,
"US10merr002","2005-05-12","41.1161","-97.9929","519.1","CENTRAL CITY 0.8 SSE, NE US","  925",",,N","    0",",,N","    0",",,N",,
"US10merr002","2005-05-13","41.1161","-97.9929","519.1","CENTRAL CITY 0.8 SSE, NE US","    0",",,N","    0",",,N","    0",",,N",,
"US10merr002","2005-05-14","41.1161","-97.9929","519.1","CENTRAL CITY 0.8 SSE, NE US","    0",",,N","    0",",,N","    0",",,N",,
"US10merr002","2005-05-15","41.1161","-97.9929","519.1","CENTRAL CITY 0.8 SSE, NE US","    0",",,N",,,,,,
"US10merr002","2005-05-16","41.1161","-97.9929","519.1","CENTRAL CITY 0.8 SSE, NE US","    0",",,N","    0",",,N","    0",",,N",,
"US10merr002","2005-05-17","41.1161","-97.9929","519.1","CENTRAL CITY 0.8 SSE, NE US","    0",",,N","    0",",,N","    0",",,N",,
"US10merr002","2005-05-18","41.1161","-97.9929","519.1","CENTRAL CITY 0.8 SSE, NE US","   56",",,N","    0",",,N","    0",",,N",,
"US10merr002","2005-05-19","41.1161","-97.9929","519.1","CENTRAL CITY 0.8 SSE, NE US","    0",",,N","    0",",,N","    0",",,N",,
"US10merr002","2005-05-20","41.1161","-97.9929","519.1","CENTRAL CITY 0.8 SSE, NE US","    0",",,N","    0",",,N","    0",",,N",,
"US10merr002","2005-05-21","41.1161","-97.9929","519.1","CENTRAL CITY 0.8 SSE, NE US","    0",",,N","    0",",,N","    0",",,N",,
"US10merr002","2005-05-22","41.1161","-97.9929","519.1","CENTRAL CITY 0.8 SSE, NE US","    0",",,N","    0",",,N","    0",",,N",,
"US10merr002","2005-05-23","41.1161","-97.9929","519.1","CENTRAL CITY 0.8 SSE, NE US","    0",",,N","    0",",,N","    0",",,N",,
"US10merr002","2005-05-24","41.1161","-97.9929","519.1","CENTRAL CITY 0.8 SSE, NE US","    0",",,N","    0",",,N","    0",",,N",,
"US10merr002","2005-05-25","41.1161","-97.9929","519.1","CENTRAL CITY 0.8 SSE, NE US","   61",",,N","    0",",,N","    0",",,N",,
"US10merr002","2005-05-26","41.1161","-97.9929","519.1","CENTRAL CITY 0.8 SSE, NE US","    0",",,N","    0",",,N","    0",",,N",,
"US10merr002","2005-05-27","41.1161","-97.9929","519.1","CENTRAL CITY 0.8 SSE, NE US","    0",",,N","    0",",,N","    0",",,N",,
"US10merr002","2005-05-28","41.1161","-97.9929","519.1","CENTRAL CITY 0.8 SSE, NE US","    0",",,N",,,,,,
"US10merr002","2005-05-29","41.1161","-97.9929","519.1","CENTRAL CITY 0.8 SSE, NE US","    0",",,N","    0",",,N","    0",",,N",,
"US10merr002","2005-05-30","41.1161","-97.9929","519.1","CENTRAL CITY 0.8 SSE, NE US","    0",",,N",,,,,,
"US10merr002","2005-05-31","41.1161","-97.9929","519.1","CENTRAL CITY 0.8 SSE, NE US","   46",",,N","    0",",,N","    0",",,N",,
"US10merr002","2005-06-01","41.1161","-97.9929","519.1","CENTRAL CITY 0.8 SSE, NE US","   30",",,N","    0",",,N","    0",",,N",,
"US10merr002","2005-06-02","41.1161","-97.9929","519.1","CENTRAL CITY 0.8 SSE, NE US","    0",",,N","    0",",,N","    0",",,N",,
"US10merr002","2005-06-03","41.1161","-97.9929","519.1","CENTRAL CITY 0.8 SSE, NE US","  269",",,N","    0",",,N","    0",",,N",,
"US10merr002","2005-06-04","41.1161","-97.9929","519.1","CENTRAL CITY 0.8 SSE, NE US","   91",",,N","    0",",,N","    0",",,N",,
"US10merr002","2005-06-05","41.1161","-97.9929","519.1","CENTRAL CITY 0.8 SSE, NE US","    0",",,N","    0",",,N","    0",",,N",,
"US10merr002","2005-06-06","41.1161","-97.9929","519.1","CENTRAL CITY 0.8 SSE, NE US","    0",",,N","    0",",,N","    0",",,N",,
"US10merr002","2005-06-07","41.1161","-97.9929","519.1","CENTRAL CITY 0.8 SSE, NE US","   41",",,N","    0",",,N","    0",",,N",,
"US10merr002","2005-06-08","41.1161","-97.9929","519.1","CENTRAL CITY 0.8 SSE, NE US","    0",",,N","    0",",,N","    0",",,N",,
"US10merr002","2005-06-09","41.1161","-97.9929","519.1","CENTRAL CITY 0.8 SSE, NE US","    0",",,N","    0",",,N","    0",",,N",,
"US10merr002","2005-06-10","41.1161","-97.9929","519.1","CENTRAL CITY 0.8 SSE, NE US","  361",",,N","    0",",,N","    0",",,N",,
"US10merr002","2005-06-14","41.1161","-97.9929","519.1","CENTRAL CITY 0.8 SSE, NE US","    0",",,N","    0",",,N","    0",",,N",,
"US10merr002","2005-06-15","41.1161","-97.9929","519.1","CENTRAL CITY 0.8 SSE, NE US","    0",",,N","    0",",,N","    0",",,N",,
"US10merr002","2005-06-16","41.1161","-97.9929","519.1","CENTRAL CITY 0.8 SSE, NE US","    0",",,N","    0",",,N","    0",",,N",,
"US10merr002","2005-06-17","41.1161","-97.9929","519.1","CENTRAL CITY 0.8 SSE, NE US","    0",",,N","    0",",,N","    0",",,N",,
"US10merr002","2005-06-18","41.1161","-97.9929","519.1","CENTRAL CITY 0.8 SSE, NE US","    0",",,N",,,,,,
"US10merr002","2005-06-19","41.1161","-97.9929","519.1","CENTRAL CITY 0.8 SSE, NE US","    0",",,N",,,,,,
"US10merr002","2005-06-20","41.1161","-97.9929","519.1","CENTRAL CITY 0.8 SSE, NE US","    0",",,N","    0",",,N","    0",",,N",,
"US10merr002","2005-06-21","41.1161","-97.9929","519.1","CENTRAL CITY 0.8 SSE, NE US","  457",",,N","    0",",,N","    0",",,N",,
"US10merr002","2005-06-22","41.1161","-97.9929","519.1","CENTRAL CITY 0.8 SSE, NE US","    0",",,N","    0",",,N","    0",",,N",,
"US10merr002","2005-06-23","41.1161","-97.9929","519.1","CENTRAL CITY 0.8 SSE, NE US","    0",",,N","    0",",,N","    0",",,N",,
"US10merr002","2005-06-24","41.1161","-97.9929","519.1","CENTRAL CITY 0.8 SSE, NE US","    0",",,N","    0",",,N","    0",",,N",,
"US10merr002","2005-06-25","41.1161","-97.9929","519.1","CENTRAL CITY 0.8 SSE, NE US","   15",",,N","    0",",,N","    0",",,N",,
"US10merr002","2005-06-26","41.1161","-97.9929","519.1","CENTRAL CITY 0.8 SSE, NE US","    0",",,N","    0",",,N","    0",",,N",,
"US10merr002","2005-06-27","41.1161","-97.9929","519.1","CENTRAL CITY 0.8 SSE, NE US","    0",",,N","    0",",,N","    0",",,N",,
"US10merr002","2005-06-28","41.1161","-97.9929","519.1","CENTRAL CITY 0.8 SSE, NE US","    8",",,N","    0",",,N","    0",",,N",,
"US10merr002","2005-06-29","41.1161","-97.9929","519.1","CENTRAL CITY 0.8 SSE, NE US","    0",",,N","    0",",,N","    0",",,N",,
"US10merr002","2005-06-30","41.1161","-97.9929","519.1","CENTRAL CITY 0.8 SSE, NE US","   13",",,N","    0",",,N","    0",",,N",,
"US10merr002","2005-07-01","41.1161","-97.9929","519.1","CENTRAL CITY 0.8 SSE, NE US","    0",",,N","    0",",,N","    0",",,N",,
"US10merr002","2005-07-02","41.1161","-97.9929","519.1","CENTRAL CITY 0.8 SSE, NE US","  107",",,N","    0",",,N","    0",",,N",,
"US10merr002","2005-07-03","41.1161","-97.9929","519.1","CENTRAL CITY 0.8 SSE, NE US","    0",",,N","    0",",,N","    0",",,N",,
"US10merr002","2005-07-04","41.1161","-97.9929","519.1","CENTRAL CITY 0.8 SSE, NE US","    0",",,N","    0",",,N","    0",",,N",,
"US10merr002","2005-07-05","41.1161","-97.9929","519.1","CENTRAL CITY 0.8 SSE, NE US","    0",",,N","    0",",,N","    0",",,N",,
"US10merr002","2005-07-06","41.1161","-97.9929","519.1","CENTRAL CITY 0.8 SSE, NE US","    0",",,N","    0",",,N","    0",",,N",,
"US10merr002","2005-07-07","41.1161","-97.9929","519.1","CENTRAL CITY 0.8 SSE, NE US","    0",",,N","    0",",,N","    0",",,N",,
"US10merr002","2005-07-08","41.1161","-97.9929","519.1","CENTRAL CITY 0.8 SSE, NE US","    0",",,N","    0",",,N","    0",",,N",,
"US10merr002","2005-07-09","41.1161","-97.9929","519.1","CENTRAL CITY 0.8 SSE, NE US","    0",",,N","    0",",,N","    0",",,N",,
"US10merr002","2005-07-10","41.1161","-97.9929","519.1","CENTRAL CITY 0.8 SSE, NE US","    0",",,N","    0",",,N","    0",",,N",,
"US10merr002","2005-07-11","41.1161","-97.9929","519.1","CENTRAL CITY 0.8 SSE, NE US","    0",",,N","    0",",,N","    0",",,N",,
"US10merr002","2005-07-12","41.1161","-97.9929","519.1","CENTRAL CITY 0.8 SSE, NE US","   15",",,N","    0",",,N","    0",",,N",,
"US10merr002","2005-07-13","41.1161","-97.9929","519.1","CENTRAL CITY 0.8 SSE, NE US","    0",",,N","    0",",,N","    0",",,N",,
"US10merr002","2005-07-14","41.1161","-97.9929","519.1","CENTRAL CITY 0.8 SSE, NE US","    0",",,N","    0",",,N","    0",",,N",,
"US10merr002","2005-07-15","41.1161","-97.9929","519.1","CENTRAL CITY 0.8 SSE, NE US","    0",",,N","    0",",,N","    0",",,N",,
"US10merr002","2005-07-16","41.1161","-97.9929","519.1","CENTRAL CITY 0.8 SSE, NE US","    0",",,N","    0",",,N","    0",",,N",,
"US10merr002","2005-07-17","41.1161","-97.9929","519.1","CENTRAL CITY 0.8 SSE, NE US","    0",",,N","    0",",,N","    0",",,N",,
"US10merr002","2005-07-18","41.1161","-97.9929","519.1","CENTRAL CITY 0.8 SSE, NE US","    0",",,N",,,,,,
"US10merr002","2005-07-19","41.1161","-97.9929","519.1","CENTRAL CITY 0.8 SSE, NE US","    0",",,N",,,,,,
"US10merr002","2005-07-20","41.1161","-97.9929","519.1","CENTRAL CITY 0.8 SSE, NE US","    0",",,N","    0",",,N","    0",",,N",,
"US10merr002","2005-07-21","41.1161","-97.9929","519.1","CENTRAL CITY 0.8 SSE, NE US","    0",",,N","    0",",,N","    0",",,N",,
"US10merr002","2005-07-22","41.1161","-97.9929","519.1","CENTRAL CITY 0.8 SSE, NE US","    0",",,N","    0",",,N","    0",",,N",,
"US10merr002","2005-07-23","41.1161","-97.9929","519.1","CENTRAL CITY 0.8 SSE, NE US","    0",",,N","    0",",,N","    0",",,N",,
"US10merr002","2005-07-24","41.1161","-97.9929","519.1","CENTRAL CITY 0.8 SSE, NE US","    0",",,N",,,,,,
"US10merr002","2005-07-25","41.1161","-97.9929","519.1","CENTRAL CITY 0.8 SSE, NE US","    0",",,N","    0",",,N","    0",",,N",,
"US10merr002","2005-07-26","41.1161","-97.9929","519.1","CENTRAL CITY 0.8 SSE, NE US","   20",",,N","    0",",,N","    0",",,N",,
"US10merr002","2005-07-27","41.1161","-97.9929","519.1","CENTRAL CITY 0.8 SSE, NE US","    0",",,N","    0",",,N","    0",",,N",,
"US10merr002","2005-07-28","41.1161","-97.9929","519.1","CENTRAL CITY 0.8 SSE, NE US","    0",",,N","    0",",,N","    0",",,N",,
"US10merr002","2005-07-29","41.1161","-97.9929","519.1","CENTRAL CITY 0.8 SSE, NE US","    5",",,N","    0",",,N","    0",",,N",,
"US10merr002","2005-07-30","41.1161","-97.9929","519.1","CENTRAL CITY 0.8 SSE, NE US","    0",",,N","    0",",,N","    0",",,N",,
"US10merr002","2005-07-31","41.1161","-97.9929","519.1","CENTRAL CITY 0.8 SSE, NE US","    0",",,N","    0",",,N","    0",",,N",,
"US10merr002","2005-08-05","41.1161","-97.9929","519.1","CENTRAL CITY 0.8 SSE, NE US","    0",",,N","    0",",,N","    0",",,N",,
"US10merr002","2005-08-06","41.1161","-97.9929","519.1","CENTRAL CITY 0.8 SSE, NE US","    0",",,N","    0",",,N","    0",",,N",,
"US10merr002","2005-08-07","41.1161","-97.9929","519.1","CENTRAL CITY 0.8 SSE, NE US","    0",",,N","    0",",,N","    0",",,N",,
"US10merr002","2005-08-08","41.1161","-97.9929","519.1","CENTRAL CITY 0.8 SSE, NE US","    0",",,N","    0",",,N","    0",",,N",,
"US10merr002","2005-08-09","41.1161","-97.9929","519.1","CENTRAL CITY 0.8 SSE, NE US","    0",",,N","    0",",,N","    0",",,N",,
"US10merr002","2005-08-10","41.1161","-97.9929","519.1","CENTRAL CITY 0.8 SSE, NE US","    0",",,N","    0",",,N","    0",",,N",,
"US10merr002","2005-08-11","41.1161","-97.9929","519.1","CENTRAL CITY 0.8 SSE, NE US","   76",",,N","    0",",,N","    0",",,N",,
"US10merr002","2005-08-12","41.1161","-97.9929","519.1","CENTRAL CITY 0.8 SSE, NE US","    0",",,N","    0",",,N","    0",",,N",,
"US10merr002","2005-08-13","41.1161","-97.9929","519.1","CENTRAL CITY 0.8 SSE, NE US","   91",",,N","    0",",,N","    0",",,N",,
"US10merr002","2005-08-14","41.1161","-97.9929","519.1","CENTRAL CITY 0.8 SSE, NE US","    0",",,N",,,,,,
"US10merr002","2005-08-15","41.1161","-97.9929","519.1","CENTRAL CITY 0.8 SSE, NE US","    0",",,N","    0",",,N","    0",",,N",,
"US10merr002","2005-08-16","41.1161","-97.9929","519.1","CENTRAL CITY 0.8 SSE, NE US","    0",",,N","    0",",,N","    0",",,N",,
"US10merr002","2005-08-17","41.1161","-97.9929","519.1","CENTRAL CITY 0.8 SSE, NE US","    0",",,N","    0",",,N","    0",",,N",,
"US10merr002","2005-08-18","41.1161","-97.9929","519.1","CENTRAL CITY 0.8 SSE, NE US","   91",",,N","    0",",,N","    0",",,N",,
"US10merr002","2005-08-19","41.1161","-97.9929","519.1","CENTRAL CITY 0.8 SSE, NE US","    0",",,N","    0",",,N","    0",",,N",,
"US10merr002","2005-08-20","41.1161","-97.9929","519.1","CENTRAL CITY 0.8 SSE, NE US","    0",",,N","    0",",,N","    0",",,N",,
"US10merr002","2005-08-21","41.1161","-97.9929","519.1","CENTRAL CITY 0.8 SSE, NE US","    0",",,N",,,,,,
"US10merr002","2005-08-22","41.1161","-97.9929","519.1","CENTRAL CITY 0.8 SSE, NE US","    0",",,N",,,,,,
"US10merr002","2005-08-23","41.1161","-97.9929","519.1","CENTRAL CITY 0.8 SSE, NE US","   61",",,N","    0",",,N","    0",",,N",,
"US10merr002","2005-08-24","41.1161","-97.9929","519.1","CENTRAL CITY 0.8 SSE, NE US","    0",",,N",,,,,,
"US10merr002","2005-08-25","41.1161","-97.9929","519.1","CENTRAL CITY 0.8 SSE, NE US","    0",",,N","    0",",,N","    0",",,N",,
"US10merr002","2005-08-26","41.1161","-97.9929","519.1","CENTRAL CITY 0.8 SSE, NE US","    0",",,N",,,,,,
"US10merr002","2005-08-27","41.1161","-97.9929","519.1","CENTRAL CITY 0.8 SSE, NE US","    0",",,N","    0",",,N","    0",",,N",,
"US10merr002","2005-08-28","41.1161","-97.9929","519.1","CENTRAL CITY 0.8 SSE, NE US","    0",",,N",,,,,,
"US10merr002","2005-08-29","41.1161","-97.9929","519.1","CENTRAL CITY 0.8 SSE, NE US","   43",",,N","    0",",,N","    0",",,N",,
"US10merr002","2005-08-30","41.1161","-97.9929","519.1","CENTRAL CITY 0.8 SSE, NE US","    0",",,N","    0",",,N","    0",",,N",,
"US10merr002","2005-08-31","41.1161","-97.9929","519.1","CENTRAL CITY 0.8 SSE, NE US","    0",",,N","    0",",,N","    0",",,N",,
"US10merr002","2005-09-01","41.1161","-97.9929","519.1","CENTRAL CITY 0.8 SSE, NE US","    0",",,N","    0",",,N","    0",",,N",,
"US10merr002","2005-09-02","41.1161","-97.9929","519.1","CENTRAL CITY 0.8 SSE, NE US","    0",",,N","    0",",,N","    0",",,N",,
"US10merr002","2005-09-03","41.1161","-97.9929","519.1","CENTRAL CITY 0.8 SSE, NE US","    0",",,N","    0",",,N","    0",",,N",,
"US10merr002","2005-09-04","41.1161","-97.9929","519.1","CENTRAL CITY 0.8 SSE, NE US","    0",",,N","    0",",,N","    0",",,N",,
"US10merr002","2005-09-07","41.1161","-97.9929","519.1","CENTRAL CITY 0.8 SSE, NE US","    0",",,N","    0",",,N","    0",",,N",,
"US10merr002","2005-09-08","41.1161","-97.9929","519.1","CENTRAL CITY 0.8 SSE, NE US","    0",",,N","    0",",,N","    0",",,N",,
"US10merr002","2005-09-09","41.1161","-97.9929","519.1","CENTRAL CITY 0.8 SSE, NE US","    0",",,N","    0",",,N","    0",",,N",,
"US10merr002","2005-09-10","41.1161","-97.9929","519.1","CENTRAL CITY 0.8 SSE, NE US","    0",",,N",,,,,,
"US10merr002","2005-09-11","41.1161","-97.9929","519.1","CENTRAL CITY 0.8 SSE, NE US","    0",",,N","    0",",,N","    0",",,N",,
"US10merr002","2005-09-12","41.1161","-97.9929","519.1","CENTRAL CITY 0.8 SSE, NE US","    0",",,N","    0",",,N","    0",",,N",,
"US10merr002","2005-09-13","41.1161","-97.9929","519.1","CENTRAL CITY 0.8 SSE, NE US","    0",",,N","    0",",,N","    0",",,N",,
"US10merr002","2005-09-14","41.1161","-97.9929","519.1","CENTRAL CITY 0.8 SSE, NE US","    0",",,N","    0",",,N","    0",",,N",,
"US10merr002","2005-09-15","41.1161","-97.9929","519.1","CENTRAL CITY 0.8 SSE, NE US","    0",",,N","    0",",,N","    0",",,N",,
"US10merr002","2005-09-16","41.1161","-97.9929","519.1","CENTRAL CITY 0.8 SSE, NE US","    0",",,N","    0",",,N","    0",",,N",,
"US10merr002","2005-09-17","41.1161","-97.9929","519.1","CENTRAL CITY 0.8 SSE, NE US","    0",",,N","    0",",,N","    0",",,N",,
"US10merr002","2005-09-18","41.1161","-97.9929","519.1","CENTRAL CITY 0.8 SSE, NE US","    0",",,N","    0",",,N","    0",",,N",,
"US10merr002","2005-09-19","41.1161","-97.9929","519.1","CENTRAL CITY 0.8 SSE, NE US","    0",",,N","    0",",,N","    0",",,N",,
"US10merr002","2005-09-20","41.1161","-97.9929","519.1","CENTRAL CITY 0.8 SSE, NE US","    0",",,N",,,,,,
"US10merr002","2005-09-21","41.1161","-97.9929","519.1","CENTRAL CITY 0.8 SSE, NE US","    0",",,N","    0",",,N","    0",",,N",,
"US10merr002","2005-09-22","41.1161","-97.9929","519.1","CENTRAL CITY 0.8 SSE, NE US","    0",",,N","    0",",,N","    0",",,N",,
"US10merr002","2005-09-23","41.1161","-97.9929","519.1","CENTRAL CITY 0.8 SSE, NE US","    0",",,N","    0",",,N","    0",",,N",,
"US10merr002","2005-09-24","41.1161","-97.9929","519.1","CENTRAL CITY 0.8 SSE, NE US","    0",",,N","    0",",,N","    0",",,N",,
"US10merr002","2005-09-25","41.1161","-97.9929","519.1","CENTRAL CITY 0.8 SSE, NE US","    0",",,N","    0",",,N","    0",",,N",,
"US10merr002","2005-09-26","41.1161","-97.9929","519.1","CENTRAL CITY 0.8 SSE, NE US","   36",",,N","    0",",,N","    0",",,N",,
"US10merr002","2005-09-27","41.1161","-97.9929","519.1","CENTRAL CITY 0.8 SSE, NE US","    0",",,N","    0",",,N","    0",",,N",,
"US10merr002","2005-09-28","41.1161","-97.9929","519.1","CENTRAL CITY 0.8 SSE, NE US","   15",",,N","    0",",,N","    0",",,N",,
"US10merr002","2005-09-29","41.1161","-97.9929","519.1","CENTRAL CITY 0.8 SSE, NE US","    0",",,N","    0",",,N","    0",",,N",,
"US10merr002","2005-09-30","41.1161","-97.9929","519.1","CENTRAL CITY 0.8 SSE, NE US","    0",",,N","    0",",,N","    0",",,N",,
"US10merr002","2005-10-01","41.1161","-97.9929","519.1","CENTRAL CITY 0.8 SSE, NE US","    0",",,N","    0",",,N","    0",",,N",,
"US10merr002","2005-10-02","41.1161","-97.9929","519.1","CENTRAL CITY 0.8 SSE, NE US","    0",",,N","    0",",,N","    0",",,N",,
"US10merr002","2005-10-03","41.1161","-97.9929","519.1","CENTRAL CITY 0.8 SSE, NE US","    0",",,N","    0",",,N","    0",",,N",,
"US10merr002","2005-10-04","41.1161","-97.9929","519.1","CENTRAL CITY 0.8 SSE, NE US","    0",",,N","    0",",,N","    0",",,N",,
"US10merr002","2005-10-05","41.1161","-97.9929","519.1","CENTRAL CITY 0.8 SSE, NE US","   13",",,N","    0",",,N","    0",",,N",,
"US10merr002","2005-10-06","41.1161","-97.9929","519.1","CENTRAL CITY 0.8 SSE, NE US","    0",",,N","    0",",,N","    0",",,N",,
"US10merr002","2005-10-07","41.1161","-97.9929","519.1","CENTRAL CITY 0.8 SSE, NE US","    0",",,N","    0",",,N","    0",",,N",,
"US10merr002","2005-10-08","41.1161","-97.9929","519.1","CENTRAL CITY 0.8 SSE, NE US","    0",",,N","    0",",,N","    0",",,N",,
"US10merr002","2005-10-09","41.1161","-97.9929","519.1","CENTRAL CITY 0.8 SSE, NE US","    0",",,N","    0",",,N","    0",",,N",,
"US10merr002","2005-10-10","41.1161","-97.9929","519.1","CENTRAL CITY 0.8 SSE, NE US","    0",",,N","    0",",,N","    0",",,N",,
"US10merr002","2005-10-11","41.1161","-97.9929","519.1","CENTRAL CITY 0.8 SSE, NE US","    0",",,N","    0",",,N","    0",",,N",,
"US10merr002","2005-10-12","41.1161","-97.9929","519.1","CENTRAL CITY 0.8 SSE, NE US","   76",",,N","    0",",,N","    0",",,N",,
"US10merr002","2005-10-13","41.1161","-97.9929","519.1","CENTRAL CITY 0.8 SSE, NE US","    0",",,N",,,,,,
"US10merr002","2005-10-14","41.1161","-97.9929","519.1","CENTRAL CITY 0.8 SSE, NE US","    0",",,N",,,,,,
"US10merr002","2005-10-15","41.1161","-97.9929","519.1","CENTRAL CITY 0.8 SSE, NE US","    0",",,N",,,,,,
"US10merr002","2005-10-16","41.1161","-97.9929","519.1","CENTRAL CITY 0.8 SSE, NE US","    0",",,N",,,,,,
"US10merr002","2005-10-17","41.1161","-97.9929","519.1","CENTRAL CITY 0.8 SSE, NE US","    0",",,N",,,,,,
"US10merr002","2005-10-18","41.1161","-97.9929","519.1","CENTRAL CITY 0.8 SSE, NE US","    0",",,N",,,,,,
"US10merr002","2005-10-21","41.1161","-97.9929","519.1","CENTRAL CITY 0.8 SSE, NE US","    0",",,N","    0",",,N","    0",",,N",,
"US10merr002","2005-10-22","41.1161","-97.9929","519.1","CENTRAL CITY 0.8 SSE, NE US","   20",",,N","    0",",,N","    0",",,N",,
"US10merr002","2005-10-23","41.1161","-97.9929","519.1","CENTRAL CITY 0.8 SSE, NE US","  102",",,N","    0",",,N","    0",",,N",,
"US10merr002","2005-10-24","41.1161","-97.9929","519.1","CENTRAL CITY 0.8 SSE, NE US","    0",",,N","    0",",,N","    0",",,N",,
"US10merr002","2005-10-25","41.1161","-97.9929","519.1","CENTRAL CITY 0.8 SSE, NE US","    0",",,N","    0",",,N","    0",",,N",,
"US10merr002","2005-10-26","41.1161","-97.9929","519.1","CENTRAL CITY 0.8 SSE, NE US","    0",",,N","    0",",,N","    0",",,N",,
"US10merr002","2005-10-27","41.1161","-97.9929","519.1","CENTRAL CITY 0.8 SSE, NE US","    0",",,N","    0",",,N","    0",",,N",,
"US10merr002","2005-10-28","41.1161","-97.9929","519.1","CENTRAL CITY 0.8 SSE, NE US","    0",",,N","    0",",,N","    0",",,N",,
"US10merr002","2005-10-29","41.1161","-97.9929","519.1","CENTRAL CITY 0.8 SSE, NE US","    0",",,N","    0",",,N","    0",",,N",,
"US10merr002","2005-10-30","41.1161","-97.9929","519.1","CENTRAL CITY 0.8 SSE, NE US","    0",",,N","    0",",,N","    0",",,N",,
"US10merr002","2005-10-31","41.1161","-97.9929","519.1","CENTRAL CITY 0.8 SSE, NE US","    0",",,N","    0",",,N","    0",",,N",,
"US10merr002","2005-11-01","41.1161","-97.9929","519.1","CENTRAL CITY 0.8 SSE, NE US","    0",",,N","    0",",,N","    0",",,N",,
"US10merr002","2005-11-02","41.1161","-97.9929","519.1","CENTRAL CITY 0.8 SSE, NE US","    0",",,N","    0",",,N","    0",",,N",,
"US10merr002","2005-11-03","41.1161","-97.9929","519.1","CENTRAL CITY 0.8 SSE, NE US","    0",",,N","    0",",,N","    0",",,N",,
"US10merr002","2005-11-04","41.1161","-97.9929","519.1","CENTRAL CITY 0.8 SSE, NE US","    0",",,N","    0",",,N","    0",",,N",,
"US10merr002","2005-11-05","41.1161","-97.9929","519.1","CENTRAL CITY 0.8 SSE, NE US","    0",",,N","    0",",,N","    0",",,N",,
"US10merr002","2005-11-06","41.1161","-97.9929","519.1","CENTRAL CITY 0.8 SSE, NE US","    0",",,N","    0",",,N","    0",",,N",,
"US10merr002","2005-11-07","41.1161","-97.9929","519.1","CENTRAL CITY 0.8 SSE, NE US","    0",",,N","    0",",,N","    0",",,N",,
"US10merr002","2005-11-08","41.1161","-97.9929","519.1","CENTRAL CITY 0.8 SSE, NE US","    0",",,N","    0",",,N","    0",",,N",,
"US10merr002","2005-11-09","41.1161","-97.9929","519.1","CENTRAL CITY 0.8 SSE, NE US","    0",",,N","    0",",,N","    0",",,N",,
"US10merr002","2005-11-10","41.1161","-97.9929","519.1","CENTRAL CITY 0.8 SSE, NE US","    0",",,N","    0",",,N","    0",",,N",,
"US10merr002","2005-11-11","41.1161","-97.9929","519.1","CENTRAL CITY 0.8 SSE, NE US","    0",",,N","    0",",,N","    0",",,N",,
"US10merr002","2005-11-12","41.1161","-97.9929","519.1","CENTRAL CITY 0.8 SSE, NE US","    0",",,N","    0",",,N","    0",",,N",,
"US10merr002","2005-11-13","41.1161","-97.9929","519.1","CENTRAL CITY 0.8 SSE, NE US","    0",",,N","    0",",,N","    0",",,N",,
"US10merr002","2005-11-14","41.1161","-97.9929","519.1","CENTRAL CITY 0.8 SSE, NE US","    0",",,N","    0",",,N","    0",",,N",,
"US10merr002","2005-11-15","41.1161","-97.9929","519.1","CENTRAL CITY 0.8 SSE, NE US","   97",",,N","    0",",,N","    0",",,N",,
"US10merr002","2005-11-16","41.1161","-97.9929","519.1","CENTRAL CITY 0.8 SSE, NE US","    0",",,N","    0",",,N","    0",",,N",,
"US10merr002","2005-11-17","41.1161","-97.9929","519.1","CENTRAL CITY 0.8 SSE, NE US","    0",",,N","    0",",,N","    0",",,N",,
"US10merr002","2005-11-18","41.1161","-97.9929","519.1","CENTRAL CITY 0.8 SSE, NE US","    0",",,N","    0",",,N","    0",",,N",,
"US10merr002","2005-11-19","41.1161","-97.9929","519.1","CENTRAL CITY 0.8 SSE, NE US","    0",",,N","    0",",,N","    0",",,N",,
"US10merr002","2005-11-20","41.1161","-97.9929","519.1","CENTRAL CITY 0.8 SSE, NE US","    0",",,N",,,,,,
"US10merr002","2005-11-21","41.1161","-97.9929","519.1","CENTRAL CITY 0.8 SSE, NE US","    0",",,N",,,,,,
"US10merr002","2005-11-22","41.1161","-97.9929","519.1","CENTRAL CITY 0.8 SSE, NE US","    0",",,N",,,,,,
"US10merr002","2005-11-23","41.1161","-97.9929","519.1","CENTRAL CITY 0.8 SSE, NE US","    0",",,N",,,,,,
"US10merr002","2005-11-24","41.1161","-97.9929","519.1","CENTRAL CITY 0.8 SSE, NE US","    0",",,N",,,,,,
"US10merr002","2005-11-25","41.1161","-97.9929","519.1","CENTRAL CITY 0.8 SSE, NE US","    0",",,N",,,,,,
"US10merr002","2005-11-26","41.1161","-97.9929","519.1","CENTRAL CITY 0.8 SSE, NE US","    0",",,N",,,,,,
"US10merr002","2005-11-27","41.1161","-97.9929","519.1","CENTRAL CITY 0.8 SSE, NE US","    0",",,N",,,,,,
"US10merr002","2005-11-28","41.1161","-97.9929","519.1","CENTRAL CITY 0.8 SSE, NE US","    0",",,N",,,,,,
"US10merr002","2005-11-29","41.1161","-97.9929","519.1","CENTRAL CITY 0.8 SSE, NE US","    0",",,N",,,,,,
"US10merr002","2005-11-30","41.1161","-97.9929","519.1","CENTRAL CITY 0.8 SSE, NE US","    0",",,N",,,,,,
"US10merr002","2005-12-01","41.1161","-97.9929","519.1","CENTRAL CITY 0.8 SSE, NE US","    0",",,N",,,,,,
"US10merr002","2005-12-02","41.1161","-97.9929","519.1","CENTRAL CITY 0.8 SSE, NE US","    0",",,N",,,,,,
"US10merr002","2005-12-03","41.1161","-97.9929","519.1","CENTRAL CITY 0.8 SSE, NE US","    0",",,N",,,,,,
"US10merr002","2005-12-04","41.1161","-97.9929","519.1","CENTRAL CITY 0.8 SSE, NE US","    0",",,N",,,,,,
"US10merr002","2005-12-05","41.1161","-97.9929","519.1","CENTRAL CITY 0.8 SSE, NE US","    0",",,N",,,,,,
"US10merr002","2005-12-06","41.1161","-97.9929","519.1","CENTRAL CITY 0.8 SSE, NE US","    0",",,N",,,,,,
"US10merr002","2005-12-07","41.1161","-97.9929","519.1","CENTRAL CITY 0.8 SSE, NE US","    0",",,N",,,,,,
"US10merr002","2005-12-08","41.1161","-97.9929","519.1","CENTRAL CITY 0.8 SSE, NE US","    0",",,N",,,,,,
"US10merr002","2005-12-09","41.1161","-97.9929","519.1","CENTRAL CITY 0.8 SSE, NE US","    0",",,N",,,,,,
"US10merr002","2005-12-10","41.1161","-97.9929","519.1","CENTRAL CITY 0.8 SSE, NE US","    0",",,N",,,,,,
"US10merr002","2005-12-11","41.1161","-97.9929","519.1","CENTRAL CITY 0.8 SSE, NE US","    0",",,N",,,,,,
"US10merr002","2005-12-12","41.1161","-97.9929","519.1","CENTRAL CITY 0.8 SSE, NE US","    0",",,N",,,,,,
"US10merr002","2005-12-13","41.1161","-97.9929","519.1","CENTRAL CITY 0.8 SSE, NE US","    0",",,N",,,,,,
"US10merr002","2005-12-14","41.1161","-97.9929","519.1","CENTRAL CITY 0.8 SSE, NE US","    0",",,N",,,,,,
"US10merr002","2005-12-15","41.1161","-97.9929","519.1","CENTRAL CITY 0.8 SSE, NE US","    0",",,N",,,,,,
"US10merr002","2005-12-16","41.1161","-97.9929","519.1","CENTRAL CITY 0.8 SSE, NE US","    0",",,N",,,,,,
"US10merr002","2005-12-17","41.1161","-97.9929","519.1","CENTRAL CITY 0.8 SSE, NE US","    0",",,N",,,,,,
"US10merr002","2005-12-18","41.1161","-97.9929","519.1","CENTRAL CITY 0.8 SSE, NE US","    0",",,N",,,,,,
"US10merr002","2005-12-19","41.1161","-97.9929","519.1","CENTRAL CITY 0.8 SSE, NE US","    0",",,N",,,,,,
"US10merr002","2005-12-20","41.1161","-97.9929","519.1","CENTRAL CITY 0.8 SSE, NE US","    0",",,N",,,,,,
"US10merr002","2005-12-21","41.1161","-97.9929","519.1","CENTRAL CITY 0.8 SSE, NE US","    0",",,N",,,,,,
"US10merr002","2005-12-22","41.1161","-97.9929","519.1","CENTRAL CITY 0.8 SSE, NE US","    0",",,N",,,,,,
"US10merr002","2005-12-23","41.1161","-97.9929","519.1","CENTRAL CITY 0.8 SSE, NE US","    0",",,N",,,,,,
"US10merr002","2005-12-24","41.1161","-97.9929","519.1","CENTRAL CITY 0.8 SSE, NE US","    0",",,N",,,,,,
"US10merr002","2005-12-25","41.1161","-97.9929","519.1","CENTRAL CITY 0.8 SSE, NE US","    0",",,N",,,,,,
"US10merr002","2005-12-26","41.1161","-97.9929","519.1","CENTRAL CITY 0.8 SSE, NE US","    0",",,N",,,,,,
"US10merr002","2005-12-27","41.1161","-97.9929","519.1","CENTRAL CITY 0.8 SSE, NE US","    0",",,N",,,,,,
"US10merr002","2005-12-28","41.1161","-97.9929","519.1","CENTRAL CITY 0.8 SSE, NE US","    0",",,N",,,,,,
"US10merr002","2005-12-29","41.1161","-97.9929","519.1","CENTRAL CITY 0.8 SSE, NE US","    0",",,N",,,,,,
"US10merr002","2005-12-30","41.1161","-97.9929","519.1","CENTRAL CITY 0.8 SSE, NE US","    0",",,N",,,,,,
"US10merr002","2005-12-31","41.1161","-97.9929","519.1","CENTRAL CITY 0.8 SSE, NE US","    0",",,N",,,,,,
"US10merr002","2006-01-01","41.1161","-97.9929","519.1","CENTRAL CITY 0.8 SSE, NE US","    0",",,N",,,,,,
"US10merr002","2006-01-02","41.1161","-97.9929","519.1","CENTRAL CITY 0.8 SSE, NE US","    0",",,N",,,,,,
"US10merr002","2006-01-03","41.1161","-97.9929","519.1","CENTRAL CITY 0.8 SSE, NE US","    0",",,N",,,,,,
"US10merr002","2006-01-04","41.1161","-97.9929","519.1","CENTRAL CITY 0.8 SSE, NE US","    0",",,N",,,,,,
"US10merr002","2006-01-05","41.1161","-97.9929","519.1","CENTRAL CITY 0.8 SSE, NE US","    0",",,N",,,,,,
"US10merr002","2006-01-06","41.1161","-97.9929","519.1","CENTRAL CITY 0.8 SSE, NE US","    0",",,N",,,,,,
"US10merr002","2006-01-07","41.1161","-97.9929","519.1","CENTRAL CITY 0.8 SSE, NE US","    0",",,N",,,,,,
"US10merr002","2006-01-08","41.1161","-97.9929","519.1","CENTRAL CITY 0.8 SSE, NE US","    0",",,N",,,,,,
"US10merr002","2006-01-09","41.1161","-97.9929","519.1","CENTRAL CITY 0.8 SSE, NE US","    0",",,N",,,,,,
"US10merr002","2006-01-10","41.1161","-97.9929","519.1","CENTRAL CITY 0.8 SSE, NE US","    0",",,N",,,,,,
"US10merr002","2006-01-11","41.1161","-97.9929","519.1","CENTRAL CITY 0.8 SSE, NE US","    0",",,N",,,,,,
"US10merr002","2006-01-12","41.1161","-97.9929","519.1","CENTRAL CITY 0.8 SSE, NE US","    0",",,N",,,,,,
"US10merr002","2006-01-13","41.1161","-97.9929","519.1","CENTRAL CITY 0.8 SSE, NE US","    0",",,N",,,,,,
"US10merr002","2006-01-14","41.1161","-97.9929","519.1","CENTRAL CITY 0.8 SSE, NE US","    0",",,N",,,,,,
"US10merr002","2006-01-15","41.1161","-97.9929","519.1","CENTRAL CITY 0.8 SSE, NE US","    0",",,N",,,,,,
"US10merr002","2006-01-16","41.1161","-97.9929","519.1","CENTRAL CITY 0.8 SSE, NE US","    0",",,N",,,,,,
"US10merr002","2006-01-17","41.1161","-97.9929","519.1","CENTRAL CITY 0.8 SSE, NE US","    0",",,N",,,,,,
"US10merr002","2006-01-18","41.1161","-97.9929","519.1","CENTRAL CITY 0.8 SSE, NE US","    0",",,N",,,,,,
"US10merr002","2006-01-19","41.1161","-97.9929","519.1","CENTRAL CITY 0.8 SSE, NE US","    0",",,N",,,,,,
"US10merr002","2006-01-20","41.1161","-97.9929","519.1","CENTRAL CITY 0.8 SSE, NE US","    0",",,N",,,,,,
"US10merr002","2006-01-21","41.1161","-97.9929","519.1","CENTRAL CITY 0.8 SSE, NE US","    0",",,N",,,,,,
"US10merr002","2006-01-22","41.1161","-97.9929","519.1","CENTRAL CITY 0.8 SSE, NE US","    0",",,N",,,,,,
"US10merr002","2006-01-23","41.1161","-97.9929","519.1","CENTRAL CITY 0.8 SSE, NE US","    0",",,N",,,,,,
"US10merr002","2006-01-24","41.1161","-97.9929","519.1","CENTRAL CITY 0.8 SSE, NE US","    0",",,N",,,,,,
"US10merr002","2006-01-25","41.1161","-97.9929","519.1","CENTRAL CITY 0.8 SSE, NE US","    0",",,N",,,,,,
"US10merr002","2006-01-26","41.1161","-97.9929","519.1","CENTRAL CITY 0.8 SSE, NE US","    0",",,N",,,,,,
"US10merr002","2006-01-27","41.1161","-97.9929","519.1","CENTRAL CITY 0.8 SSE, NE US","    0",",,N",,,,,,
"US10merr002","2006-03-01","41.1161","-97.9929","519.1","CENTRAL CITY 0.8 SSE, NE US","    0",",,N",,,,,,
"US10merr002","2006-03-02","41.1161","-97.9929","519.1","CENTRAL CITY 0.8 SSE, NE US","    0",",,N",,,,,,
"US10merr002","2006-03-03","41.1161","-97.9929","519.1","CENTRAL CITY 0.8 SSE, NE US","    0",",,N",,,,,,
"US10merr002","2006-03-04","41.1161","-97.9929","519.1","CENTRAL CITY 0.8 SSE, NE US","    0",",,N",,,,,,
"US10merr002","2006-03-05","41.1161","-97.9929","519.1","CENTRAL CITY 0.8 SSE, NE US","    0",",,N",,,,,,
"US10merr002","2006-03-06","41.1161","-97.9929","519.1","CENTRAL CITY 0.8 SSE, NE US","    0",",,N",,,,,,
"US10merr002","2006-03-07","41.1161","-97.9929","519.1","CENTRAL CITY 0.8 SSE, NE US","    0",",,N",,,,,,
"US10merr002","2006-03-08","41.1161","-97.9929","519.1","CENTRAL CITY 0.8 SSE, NE US","    0",",,N",,,,,,
"US10merr002","2006-03-09","41.1161","-97.9929","519.1","CENTRAL CITY 0.8 SSE, NE US","    0",",,N",,,,,,
"US10merr002","2006-03-10","41.1161","-97.9929","519.1","CENTRAL CITY 0.8 SSE, NE US","    0",",,N",,,,,,
"US10merr002","2006-03-11","41.1161","-97.9929","519.1","CENTRAL CITY 0.8 SSE, NE US","    0",",,N",,,,,,
"US10merr002","2006-03-12","41.1161","-97.9929","519.1","CENTRAL CITY 0.8 SSE, NE US","    0",",,N",,,,,,
"US10merr002","2006-03-13","41.1161","-97.9929","519.1","CENTRAL CITY 0.8 SSE, NE US","    0",",,N",,,,,,
"US10merr002","2006-03-14","41.1161","-97.9929","519.1","CENTRAL CITY 0.8 SSE, NE US","    0",",,N",,,,,,
"US10merr002","2006-03-15","41.1161","-97.9929","519.1","CENTRAL CITY 0.8 SSE, NE US","    0",",,N",,,,,,
"US10merr002","2006-03-16","41.1161","-97.9929","519.1","CENTRAL CITY 0.8 SSE, NE US","    0",",,N",,,,,,
"US10merr002","2006-03-17","41.1161","-97.9929","519.1","CENTRAL CITY 0.8 SSE, NE US","    0",",,N",,,,,,
"US10merr002","2006-03-18","41.1161","-97.9929","519.1","CENTRAL CITY 0.8 SSE, NE US","    0",",,N",,,,,,
"US10merr002","2006-03-19","41.1161","-97.9929","519.1","CENTRAL CITY 0.8 SSE, NE US","    0",",,N",,,,,,
"US10merr002","2006-03-20","41.1161","-97.9929","519.1","CENTRAL CITY 0.8 SSE, NE US","    0",",,N",,,,,,
"US10merr002","2006-03-21","41.1161","-97.9929","519.1","CENTRAL CITY 0.8 SSE, NE US","    0",",,N",,,,,,
"US10merr002","2006-03-22","41.1161","-97.9929","519.1","CENTRAL CITY 0.8 SSE, NE US","    0",",,N",,,,,,
"US10merr002","2006-03-23","41.1161","-97.9929","519.1","CENTRAL CITY 0.8 SSE, NE US","    0",",,N",,,,,,
"US10merr002","2006-03-24","41.1161","-97.9929","519.1","CENTRAL CITY 0.8 SSE, NE US","    0",",,N",,,,,,
"US10merr002","2006-03-25","41.1161","-97.9929","519.1","CENTRAL CITY 0.8 SSE, NE US","    0",",,N",,,,,,
"US10merr002","2006-03-26","41.1161","-97.9929","519.1","CENTRAL CITY 0.8 SSE, NE US","    0",",,N",,,,,,
"US10merr002","2006-03-27","41.1161","-97.9929","519.1","CENTRAL CITY 0.8 SSE, NE US","   43",",,N","    0",",,N","    0",",,N",,
"US10merr002","2006-03-28","41.1161","-97.9929","519.1","CENTRAL CITY 0.8 SSE, NE US","    0",",,N",,,,,,
"US10merr002","2006-03-29","41.1161","-97.9929","519.1","CENTRAL CITY 0.8 SSE, NE US","   15",",,N","    0",",,N","    0",",,N",,
"US10merr002","2006-03-30","41.1161","-97.9929","519.1","CENTRAL CITY 0.8 SSE, NE US","    0",",,N",,,,,,
"US10merr002","2006-03-31","41.1161","-97.9929","519.1","CENTRAL CITY 0.8 SSE, NE US","  102",",,N","    0",",,N","    0",",,N",,
"US10merr002","2006-04-01","41.1161","-97.9929","519.1","CENTRAL CITY 0.8 SSE, NE US","    0",",,N",,,,,,
"US10merr002","2006-04-02","41.1161","-97.9929","519.1","CENTRAL CITY 0.8 SSE, NE US","   13",",,N","    0",",,N","    0",",,N",,
"US10merr002","2006-04-03","41.1161","-97.9929","519.1","CENTRAL CITY 0.8 SSE, NE US","  157",",,N","    0",",,N","    0",",,N",,
"US10merr002","2006-04-04","41.1161","-97.9929","519.1","CENTRAL CITY 0.8 SSE, NE US","    0",",,N",,,,,,
"US10merr002","2006-04-05","41.1161","-97.9929","519.1","CENTRAL CITY 0.8 SSE, NE US","    0",",,N",,,,,,
"US10merr002","2006-04-06","41.1161","-97.9929","519.1","CENTRAL CITY 0.8 SSE, NE US","    0",",,N",,,,,,
"US10merr002","2006-04-07","41.1161","-97.9929","519.1","CENTRAL CITY 0.8 SSE, NE US","   74",",,N","    0",",,N","    0",",,N",,
"US10merr002","2006-04-08","41.1161","-97.9929","519.1","CENTRAL CITY 0.8 SSE, NE US","   13",",,N","    0",",,N","    0",",,N",,
"US10merr002","2006-04-09","41.1161","-97.9929","519.1","CENTRAL CITY 0.8 SSE, NE US","    0",",,N",,,,,,
"US10merr002","2006-04-10","41.1161","-97.9929","519.1","CENTRAL CITY 0.8 SSE, NE US","    0",",,N",,,,,,
"US10merr002","2006-04-11","41.1161","-97.9929","519.1","CENTRAL CITY 0.8 SSE, NE US","    0",",,N",,,,,,
"US10merr002","2006-04-12","41.1161","-97.9929","519.1","CENTRAL CITY 0.8 SSE, NE US","    0",",,N",,,,,,
"US10merr002","2006-04-13","41.1161","-97.9929","519.1","CENTRAL CITY 0.8 SSE, NE US","    0",",,N",,,,,,
"US10merr002","2006-04-14","41.1161","-97.9929","519.1","CENTRAL CITY 0.8 SSE, NE US","    0",",,N",,,,,,
"US10merr002","2006-04-15","41.1161","-97.9929","519.1","CENTRAL CITY 0.8 SSE, NE US","    0",",,N","    0",",,N","    0",",,N",,
"US10merr002","2006-04-16","41.1161","-97.9929","519.1","CENTRAL CITY 0.8 SSE, NE US","   41",",,N","    0",",,N","    0",",,N",,
"US10merr002","2006-04-17","41.1161","-97.9929","519.1","CENTRAL CITY 0.8 SSE, NE US","    0",",,N",,,,,,
"US10merr002","2006-04-18","41.1161","-97.9929","519.1","CENTRAL CITY 0.8 SSE, NE US","    0",",,N",,,,,,
"US10merr002","2006-04-19","41.1161","-97.9929","519.1","CENTRAL CITY 0.8 SSE, NE US","   10",",,N","    0",",,N","    0",",,N",,
"US10merr002","2006-04-20","41.1161","-97.9929","519.1","CENTRAL CITY 0.8 SSE, NE US","    0",",,N",,,,,,
"US10merr002","2006-04-21","41.1161","-97.9929","519.1","CENTRAL CITY 0.8 SSE, NE US","    0",",,N",,,,,,
"US10merr002","2006-04-22","41.1161","-97.9929","519.1","CENTRAL CITY 0.8 SSE, NE US","    0",",,N",,,,,,
"US10merr002","2006-04-23","41.1161","-97.9929","519.1","CENTRAL CITY 0.8 SSE, NE US","    0",",,N",,,,,,
"US10merr002","2006-04-24","41.1161","-97.9929","519.1","CENTRAL CITY 0.8 SSE, NE US","   51",",,N","    0",",,N","    0",",,N",,
"US10merr002","2006-04-25","41.1161","-97.9929","519.1","CENTRAL CITY 0.8 SSE, NE US","    0",",,N",,,,,,
"US10merr002","2006-04-26","41.1161","-97.9929","519.1","CENTRAL CITY 0.8 SSE, NE US","    0",",,N",,,,,,
"US10merr002","2006-04-27","41.1161","-97.9929","519.1","CENTRAL CITY 0.8 SSE, NE US","    0",",,N",,,,,,
"US10merr002","2006-04-28","41.1161","-97.9929","519.1","CENTRAL CITY 0.8 SSE, NE US","  132",",,N","    0",",,N","    0",",,N",,
"US10merr002","2006-04-29","41.1161","-97.9929","519.1","CENTRAL CITY 0.8 SSE, NE US","    0",",,N",,,,,,
"US10merr002","2006-04-30","41.1161","-97.9929","519.1","CENTRAL CITY 0.8 SSE, NE US","    0",",,N",,,,,,
"US10merr002","2006-05-01","41.1161","-97.9929","519.1","CENTRAL CITY 0.8 SSE, NE US","    0",",,N",,,,,,
"US10merr002","2006-05-02","41.1161","-97.9929","519.1","CENTRAL CITY 0.8 SSE, NE US","    0",",,N",,,,,,
"US10merr002","2006-05-03","41.1161","-97.9929","519.1","CENTRAL CITY 0.8 SSE, NE US","  122",",,N","    0",",,N","    0",",,N",,
"US10merr002","2006-05-04","41.1161","-97.9929","519.1","CENTRAL CITY 0.8 SSE, NE US","    0",",,N",,,,,,
"US10merr002","2006-05-05","41.1161","-97.9929","519.1","CENTRAL CITY 0.8 SSE, NE US","    0",",,N",,,,,,
"US10merr002","2006-05-06","41.1161","-97.9929","519.1","CENTRAL CITY 0.8 SSE, NE US","    0",",,N",,,,,,
"US10merr002","2006-05-07","41.1161","-97.9929","519.1","CENTRAL CITY 0.8 SSE, NE US","   15",",,N","    0",",,N","    0",",,N",,
"US10merr002","2006-05-08","41.1161","-97.9929","519.1","CENTRAL CITY 0.8 SSE, NE US","    0",",,N",,,,,,
"US10merr002","2006-05-09","41.1161","-97.9929","519.1","CENTRAL CITY 0.8 SSE, NE US","    0",",,N",,,,,,
"US10merr002","2006-05-10","41.1161","-97.9929","519.1","CENTRAL CITY 0.8 SSE, NE US","   51",",,N","    0",",,N","    0",",,N",,
"US10merr002","2006-05-11","41.1161","-97.9929","519.1","CENTRAL CITY 0.8 SSE, NE US","    0",",,N",,,,,,
"US10merr002","2006-05-12","41.1161","-97.9929","519.1","CENTRAL CITY 0.8 SSE, NE US","    0",",,N",,,,,,
"US10merr002","2006-05-13","41.1161","-97.9929","519.1","CENTRAL CITY 0.8 SSE, NE US","    0",",,N",,,,,,
"US10merr002","2006-05-14","41.1161","-97.9929","519.1","CENTRAL CITY 0.8 SSE, NE US","    0",",,N",,,,,,
"US10merr002","2006-05-15","41.1161","-97.9929","519.1","CENTRAL CITY 0.8 SSE, NE US","    0",",,N",,,,,,
"US10merr002","2006-05-16","41.1161","-97.9929","519.1","CENTRAL CITY 0.8 SSE, NE US","    0",",,N",,,,,,
"US10merr002","2006-05-17","41.1161","-97.9929","519.1","CENTRAL CITY 0.8 SSE, NE US","    0",",,N",,,,,,
"US10merr002","2006-05-18","41.1161","-97.9929","519.1","CENTRAL CITY 0.8 SSE, NE US","    0",",,N",,,,,,
"US10merr002","2006-05-19","41.1161","-97.9929","519.1","CENTRAL CITY 0.8 SSE, NE US","    0",",,N",,,,,,
"US10merr002","2006-05-20","41.1161","-97.9929","519.1","CENTRAL CITY 0.8 SSE, NE US","    0",",,N",,,,,,
"US10merr002","2006-05-21","41.1161","-97.9929","519.1","CENTRAL CITY 0.8 SSE, NE US","    0",",,N",,,,,,
"US10merr002","2006-05-22","41.1161","-97.9929","519.1","CENTRAL CITY 0.8 SSE, NE US","    0",",,N",,,,,,
"US10merr002","2006-05-23","41.1161","-97.9929","519.1","CENTRAL CITY 0.8 SSE, NE US","    0",",,N",,,,,,
"US10merr002","2006-05-24","41.1161","-97.9929","519.1","CENTRAL CITY 0.8 SSE, NE US","  147",",,N","    0",",,N","    0",",,N",,
"US10merr002","2006-05-25","41.1161","-97.9929","519.1","CENTRAL CITY 0.8 SSE, NE US","    0",",,N",,,,,,
"US10merr002","2006-05-26","41.1161","-97.9929","519.1","CENTRAL CITY 0.8 SSE, NE US","    0",",,N",,,,,,
"US10merr002","2006-05-27","41.1161","-97.9929","519.1","CENTRAL CITY 0.8 SSE, NE US","    0",",,N",,,,,,
"US10merr002","2006-05-28","41.1161","-97.9929","519.1","CENTRAL CITY 0.8 SSE, NE US","    0",",,N",,,,,,
"US10merr002","2006-05-29","41.1161","-97.9929","519.1","CENTRAL CITY 0.8 SSE, NE US","    0",",,N",,,,,,
"US10merr002","2006-05-30","41.1161","-97.9929","519.1","CENTRAL CITY 0.8 SSE, NE US","    0",",,N",,,,,,
"US10merr002","2006-05-31","41.1161","-97.9929","519.1","CENTRAL CITY 0.8 SSE, NE US","   69",",,N","    0",",,N","    0",",,N",,
"US10merr002","2006-06-01","41.1161","-97.9929","519.1","CENTRAL CITY 0.8 SSE, NE US","    0",",,N",,,,,,
"US10merr002","2006-06-02","41.1161","-97.9929","519.1","CENTRAL CITY 0.8 SSE, NE US","    0",",,N",,,,,,
"US10merr002","2006-06-03","41.1161","-97.9929","519.1","CENTRAL CITY 0.8 SSE, NE US","    0",",,N",,,,,,
"US10merr002","2006-06-04","41.1161","-97.9929","519.1","CENTRAL CITY 0.8 SSE, NE US","    0",",,N",,,,,,
"US10merr002","2006-06-05","41.1161","-97.9929","519.1","CENTRAL CITY 0.8 SSE, NE US","    0",",,N",,,,,,
"US10merr002","2006-06-06","41.1161","-97.9929","519.1","CENTRAL CITY 0.8 SSE, NE US","    0",",,N",,,,,,
"US10merr002","2006-06-07","41.1161","-97.9929","519.1","CENTRAL CITY 0.8 SSE, NE US","    0",",,N",,,,,,
"US10merr002","2006-06-08","41.1161","-97.9929","519.1","CENTRAL CITY 0.8 SSE, NE US","    0",",,N",,,,,,
"US10merr002","2006-06-09","41.1161","-97.9929","519.1","CENTRAL CITY 0.8 SSE, NE US","    0",",,N",,,,,,
"US10merr002","2006-06-10","41.1161","-97.9929","519.1","CENTRAL CITY 0.8 SSE, NE US","    0",",,N",,,,,,
"US10merr002","2006-06-11","41.1161","-97.9929","519.1","CENTRAL CITY 0.8 SSE, NE US","    0",",,N",,,,,,
"US10merr002","2006-06-12","41.1161","-97.9929","519.1","CENTRAL CITY 0.8 SSE, NE US","    0",",,N",,,,,,
"US10merr002","2006-06-13","41.1161","-97.9929","519.1","CENTRAL CITY 0.8 SSE, NE US","    0",",,N",,,,,,
"US10merr002","2006-06-14","41.1161","-97.9929","519.1","CENTRAL CITY 0.8 SSE, NE US","    0",",,N",,,,,,
"US10merr002","2006-06-15","41.1161","-97.9929","519.1","CENTRAL CITY 0.8 SSE, NE US","    0",",,N","    0",",,N","    0",",,N",,
"US10merr002","2006-06-18","41.1161","-97.9929","519.1","CENTRAL CITY 0.8 SSE, NE US","    0",",,N",,,,,,
"US10merr002","2006-06-19","41.1161","-97.9929","519.1","CENTRAL CITY 0.8 SSE, NE US","    0",",,N",,,,,,
"US10merr002","2006-06-20","41.1161","-97.9929","519.1","CENTRAL CITY 0.8 SSE, NE US","    0",",,N",,,,,,
"US10merr002","2006-06-21","41.1161","-97.9929","519.1","CENTRAL CITY 0.8 SSE, NE US","    0",",,N",,,,,,
"US10merr002","2006-06-22","41.1161","-97.9929","519.1","CENTRAL CITY 0.8 SSE, NE US","    0",",,N",,,,,,
"US10merr002","2006-06-23","41.1161","-97.9929","519.1","CENTRAL CITY 0.8 SSE, NE US","    0",",,N",,,,,,
"US10merr002","2006-06-24","41.1161","-97.9929","519.1","CENTRAL CITY 0.8 SSE, NE US","    0",",,N",,,,,,
"US10merr002","2006-06-25","41.1161","-97.9929","519.1","CENTRAL CITY 0.8 SSE, NE US","    0",",,N",,,,,,
"US10merr002","2006-06-26","41.1161","-97.9929","519.1","CENTRAL CITY 0.8 SSE, NE US","    0",",,N",,,,,,
"US10merr002","2006-06-27","41.1161","-97.9929","519.1","CENTRAL CITY 0.8 SSE, NE US","    0",",,N",,,,,,
"US10merr002","2006-06-28","41.1161","-97.9929","519.1","CENTRAL CITY 0.8 SSE, NE US","    0",",,N",,,,,,
"US10merr002","2006-06-29","41.1161","-97.9929","519.1","CENTRAL CITY 0.8 SSE, NE US","    0",",,N",,,,,,
"US10merr002","2006-06-30","41.1161","-97.9929","519.1","CENTRAL CITY 0.8 SSE, NE US","    0",",,N",,,,,,
"US10merr002","2006-07-01","41.1161","-97.9929","519.1","CENTRAL CITY 0.8 SSE, NE US","    0",",,N",,,,,,
"US10merr002","2006-07-02","41.1161","-97.9929","519.1","CENTRAL CITY 0.8 SSE, NE US","    0",",,N",,,,,,
"US10merr002","2006-07-03","41.1161","-97.9929","519.1","CENTRAL CITY 0.8 SSE, NE US","    0",",,N",,,,,,
"US10merr002","2006-07-04","41.1161","-97.9929","519.1","CENTRAL CITY 0.8 SSE, NE US","    0",",,N",,,,,,
"US10merr002","2006-07-05","41.1161","-97.9929","519.1","CENTRAL CITY 0.8 SSE, NE US","    0",",,N",,,,,,
"US10merr002","2006-07-06","41.1161","-97.9929","519.1","CENTRAL CITY 0.8 SSE, NE US","    0",",,N",,,,,,
"US10merr002","2006-07-07","41.1161","-97.9929","519.1","CENTRAL CITY 0.8 SSE, NE US","    0",",,N",,,,,,
"US10merr002","2006-07-08","41.1161","-97.9929","519.1","CENTRAL CITY 0.8 SSE, NE US","    0",",,N",,,,,,
"US10merr002","2006-07-09","41.1161","-97.9929","519.1","CENTRAL CITY 0.8 SSE, NE US","    0",",,N",,,,,,
"US10merr002","2006-07-10","41.1161","-97.9929","519.1","CENTRAL CITY 0.8 SSE, NE US","   89",",,N","    0",",,N","    0",",,N",,
"US10merr002","2006-07-11","41.1161","-97.9929","519.1","CENTRAL CITY 0.8 SSE, NE US","    0",",,N",,,,,,
"US10merr002","2006-07-12","41.1161","-97.9929","519.1","CENTRAL CITY 0.8 SSE, NE US","    0",",,N",,,,,,
"US10merr002","2006-07-13","41.1161","-97.9929","519.1","CENTRAL CITY 0.8 SSE, NE US","    0",",,N",,,,,,
"US10merr002","2006-07-14","41.1161","-97.9929","519.1","CENTRAL CITY 0.8 SSE, NE US","   84",",,N","    0",",,N","    0",",,N",,
"US10merr002","2006-07-15","41.1161","-97.9929","519.1","CENTRAL CITY 0.8 SSE, NE US","    0",",,N",,,,,,
"US10merr002","2006-07-16","41.1161","-97.9929","519.1","CENTRAL CITY 0.8 SSE, NE US","    0",",,N",,,,,,
"US10merr002","2006-07-17","41.1161","-97.9929","519.1","CENTRAL CITY 0.8 SSE, NE US","    0",",,N",,,,,,
"US10merr002","2006-07-18","41.1161","-97.9929","519.1","CENTRAL CITY 0.8 SSE, NE US","    0",",,N",,,,,,
"US10merr002","2006-07-19","41.1161","-97.9929","519.1","CENTRAL CITY 0.8 SSE, NE US","    0",",,N",,,,,,
"US10merr002","2006-07-20","41.1161","-97.9929","519.1","CENTRAL CITY 0.8 SSE, NE US","    0",",,N",,,,,,
"US10merr002","2006-07-21","41.1161","-97.9929","519.1","CENTRAL CITY 0.8 SSE, NE US","  140",",,N","    0",",,N","    0",",,N",,
"US10merr002","2006-07-22","41.1161","-97.9929","519.1","CENTRAL CITY 0.8 SSE, NE US","    0",",,N",,,,,,
"US10merr002","2006-07-23","41.1161","-97.9929","519.1","CENTRAL CITY 0.8 SSE, NE US","    0",",,N",,,,,,
"US10merr002","2006-07-24","41.1161","-97.9929","519.1","CENTRAL CITY 0.8 SSE, NE US","    0",",,N",,,,,,
"US10merr002","2006-07-25","41.1161","-97.9929","519.1","CENTRAL CITY 0.8 SSE, NE US","    0",",,N",,,,,,
"US10merr002","2006-07-26","41.1161","-97.9929","519.1","CENTRAL CITY 0.8 SSE, NE US","    0",",,N",,,,,,
"US10merr002","2006-07-27","41.1161","-97.9929","519.1","CENTRAL CITY 0.8 SSE, NE US","    0",",,N",,,,,,
"US10merr002","2006-07-28","41.1161","-97.9929","519.1","CENTRAL CITY 0.8 SSE, NE US","    0",",,N",,,,,,
"US10merr002","2006-07-29","41.1161","-97.9929","519.1","CENTRAL CITY 0.8 SSE, NE US","    0",",,N",,,,,,
"US10merr002","2006-07-30","41.1161","-97.9929","519.1","CENTRAL CITY 0.8 SSE, NE US","    0",",,N",,,,,,
"US10merr002","2006-07-31","41.1161","-97.9929","519.1","CENTRAL CITY 0.8 SSE, NE US","    0",",,N",,,,,,
"US10merr002","2006-08-01","41.1161","-97.9929","519.1","CENTRAL CITY 0.8 SSE, NE US","    0",",,N",,,,,,
"US10merr002","2006-08-02","41.1161","-97.9929","519.1","CENTRAL CITY 0.8 SSE, NE US","  145",",,N","    0",",,N","    0",",,N",,
"US10merr002","2006-08-03","41.1161","-97.9929","519.1","CENTRAL CITY 0.8 SSE, NE US","    0",",,N",,,,,,
"US10merr002","2006-08-04","41.1161","-97.9929","519.1","CENTRAL CITY 0.8 SSE, NE US","    0",",,N",,,,,,
"US10merr002","2006-08-05","41.1161","-97.9929","519.1","CENTRAL CITY 0.8 SSE, NE US","    0",",,N",,,,,,
"US10merr002","2006-08-06","41.1161","-97.9929","519.1","CENTRAL CITY 0.8 SSE, NE US","    0",",,N",,,,,,
"US10merr002","2006-08-07","41.1161","-97.9929","519.1","CENTRAL CITY 0.8 SSE, NE US","  361",",,N","    0",",,N","    0",",,N",,
"US10merr002","2006-08-08","41.1161","-97.9929","519.1","CENTRAL CITY 0.8 SSE, NE US","   84",",,N","    0",",,N","    0",",,N",,
"US10merr002","2006-08-09","41.1161","-97.9929","519.1","CENTRAL CITY 0.8 SSE, NE US","    0",",,N",,,,,,
"US10merr002","2006-08-10","41.1161","-97.9929","519.1","CENTRAL CITY 0.8 SSE, NE US","    0",",,N",,,,,,
"US10merr002","2006-08-11","41.1161","-97.9929","519.1","CENTRAL CITY 0.8 SSE, NE US","    0",",,N",,,,,,
"US10merr002","2006-08-12","41.1161","-97.9929","519.1","CENTRAL CITY 0.8 SSE, NE US","    0",",,N",,,,,,
"US10merr002","2006-08-13","41.1161","-97.9929","519.1","CENTRAL CITY 0.8 SSE, NE US","   41",",,N","    0",",,N","    0",",,N",,
"US10merr002","2006-08-14","41.1161","-97.9929","519.1","CENTRAL CITY 0.8 SSE, NE US","    0",",,N",,,,,,
"US10merr002","2006-08-15","41.1161","-97.9929","519.1","CENTRAL CITY 0.8 SSE, NE US","    0",",,N",,,,,,
"US10merr002","2006-08-16","41.1161","-97.9929","519.1","CENTRAL CITY 0.8 SSE, NE US","    0",",,N",,,,,,
"US10merr002","2006-08-17","41.1161","-97.9929","519.1","CENTRAL CITY 0.8 SSE, NE US","  150",",,N","    0",",,N","    0",",,N",,
"US10merr002","2006-08-18","41.1161","-97.9929","519.1","CENTRAL CITY 0.8 SSE, NE US","    0",",,N",,,,,,
"US10merr002","2006-08-19","41.1161","-97.9929","519.1","CENTRAL CITY 0.8 SSE, NE US","    0",",,N",,,,,,
"US10merr002","2006-08-20","41.1161","-97.9929","519.1","CENTRAL CITY 0.8 SSE, NE US","    0",",,N",,,,,,
"US10merr002","2006-08-21","41.1161","-97.9929","519.1","CENTRAL CITY 0.8 SSE, NE US","    0",",,N",,,,,,
"US10merr002","2006-08-22","41.1161","-97.9929","519.1","CENTRAL CITY 0.8 SSE, NE US","    0",",,N",,,,,,
"US10merr002","2006-08-23","41.1161","-97.9929","519.1","CENTRAL CITY 0.8 SSE, NE US","    0",",,N",,,,,,
"US10merr002","2006-08-24","41.1161","-97.9929","519.1","CENTRAL CITY 0.8 SSE, NE US","    0",",,N",,,,,,
"US10merr002","2006-08-25","41.1161","-97.9929","519.1","CENTRAL CITY 0.8 SSE, NE US","    0",",,N",,,,,,
"US10merr002","2006-08-26","41.1161","-97.9929","519.1","CENTRAL CITY 0.8 SSE, NE US","    0",",,N",,,,,,
"US10merr002","2006-08-27","41.1161","-97.9929","519.1","CENTRAL CITY 0.8 SSE, NE US","    0",",,N",,,,,,
"US10merr002","2006-08-28","41.1161","-97.9929","519.1","CENTRAL CITY 0.8 SSE, NE US","   30",",,N","    0",",,N","    0",",,N",,
"US10merr002","2006-08-29","41.1161","-97.9929","519.1","CENTRAL CITY 0.8 SSE, NE US","    0",",,N",,,,,,
"US10merr002","2006-08-30","41.1161","-97.9929","519.1","CENTRAL CITY 0.8 SSE, NE US","    0",",,N",,,,,,
"US10merr002","2006-08-31","41.1161","-97.9929","519.1","CENTRAL CITY 0.8 SSE, NE US","    0",",,N",,,,,,
"US10merr002","2006-09-01","41.1161","-97.9929","519.1","CENTRAL CITY 0.8 SSE, NE US","    0",",,N",,,,,,
"US10merr002","2006-09-02","41.1161","-97.9929","519.1","CENTRAL CITY 0.8 SSE, NE US","   46",",,N","    0",",,N","    0",",,N",,
"US10merr002","2006-09-03","41.1161","-97.9929","519.1","CENTRAL CITY 0.8 SSE, NE US","    0",",,N",,,,,,
"US10merr002","2006-09-04","41.1161","-97.9929","519.1","CENTRAL CITY 0.8 SSE, NE US","    0",",,N",,,,,,
"US10merr002","2006-09-05","41.1161","-97.9929","519.1","CENTRAL CITY 0.8 SSE, NE US","    0",",,N",,,,,,
"US10merr002","2006-09-06","41.1161","-97.9929","519.1","CENTRAL CITY 0.8 SSE, NE US","    0",",,N",,,,,,
"US10merr002","2006-09-07","41.1161","-97.9929","519.1","CENTRAL CITY 0.8 SSE, NE US","    0",",,N",,,,,,
"US10merr002","2006-09-08","41.1161","-97.9929","519.1","CENTRAL CITY 0.8 SSE, NE US","    0",",,N",,,,,,
"US10merr002","2006-09-09","41.1161","-97.9929","519.1","CENTRAL CITY 0.8 SSE, NE US","    0",",,N",,,,,,
"US10merr002","2006-09-10","41.1161","-97.9929","519.1","CENTRAL CITY 0.8 SSE, NE US","  638",",,N","    0",",,N","    0",",,N",,
"US10merr002","2006-09-11","41.1161","-97.9929","519.1","CENTRAL CITY 0.8 SSE, NE US","   33",",,N","    0",",,N","    0",",,N",,
"US10merr002","2006-09-12","41.1161","-97.9929","519.1","CENTRAL CITY 0.8 SSE, NE US","    0",",,N",,,,,,
"US10merr002","2006-09-13","41.1161","-97.9929","519.1","CENTRAL CITY 0.8 SSE, NE US","    0",",,N",,,,,,
"US10merr002","2006-09-14","41.1161","-97.9929","519.1","CENTRAL CITY 0.8 SSE, NE US","    0",",,N",,,,,,
"US10merr002","2006-09-15","41.1161","-97.9929","519.1","CENTRAL CITY 0.8 SSE, NE US","    0",",,N",,,,,,
"US10merr002","2006-09-16","41.1161","-97.9929","519.1","CENTRAL CITY 0.8 SSE, NE US","  460",",,N","    0",",,N","    0",",,N",,
"US10merr002","2006-09-17","41.1161","-97.9929","519.1","CENTRAL CITY 0.8 SSE, NE US","    0",",,N",,,,,,
"US10merr002","2006-09-18","41.1161","-97.9929","519.1","CENTRAL CITY 0.8 SSE, NE US","    0",",,N",,,,,,
"US10merr002","2006-09-19","41.1161","-97.9929","519.1","CENTRAL CITY 0.8 SSE, NE US","    0",",,N",,,,,,
"US10merr002","2006-09-20","41.1161","-97.9929","519.1","CENTRAL CITY 0.8 SSE, NE US","    0",",,N",,,,,,
"US10merr002","2006-09-21","41.1161","-97.9929","519.1","CENTRAL CITY 0.8 SSE, NE US","    0",",,N",,,,,,
"US10merr002","2006-09-22","41.1161","-97.9929","519.1","CENTRAL CITY 0.8 SSE, NE US","  163",",,N","    0",",,N","    0",",,N",,
"US10merr002","2006-09-23","41.1161","-97.9929","519.1","CENTRAL CITY 0.8 SSE, NE US","    0",",,N",,,,,,
"US10merr002","2006-09-24","41.1161","-97.9929","519.1","CENTRAL CITY 0.8 SSE, NE US","    0",",,N",,,,,,
"US10merr002","2006-09-25","41.1161","-97.9929","519.1","CENTRAL CITY 0.8 SSE, NE US","    0",",,N",,,,,,
"US10merr002","2006-09-26","41.1161","-97.9929","519.1","CENTRAL CITY 0.8 SSE, NE US","    0",",,N",,,,,,
"US10merr002","2006-09-27","41.1161","-97.9929","519.1","CENTRAL CITY 0.8 SSE, NE US","    0",",,N",,,,,,
"US10merr002","2006-09-28","41.1161","-97.9929","519.1","CENTRAL CITY 0.8 SSE, NE US","    0",",,N",,,,,,
"US10merr002","2006-09-29","41.1161","-97.9929","519.1","CENTRAL CITY 0.8 SSE, NE US","    0",",,N",,,,,,
"US10merr002","2006-09-30","41.1161","-97.9929","519.1","CENTRAL CITY 0.8 SSE, NE US","    0",",,N",,,,,,
"US10merr002","2006-10-01","41.1161","-97.9929","519.1","CENTRAL CITY 0.8 SSE, NE US","    0",",,N",,,,,,
"US10merr002","2006-10-02","41.1161","-97.9929","519.1","CENTRAL CITY 0.8 SSE, NE US","    0",",,N",,,,,,
"US10merr002","2006-10-03","41.1161","-97.9929","519.1","CENTRAL CITY 0.8 SSE, NE US","    0",",,N",,,,,,
"US10merr002","2006-10-04","41.1161","-97.9929","519.1","CENTRAL CITY 0.8 SSE, NE US","    0",",,N",,,,,,
"US10merr002","2006-10-05","41.1161","-97.9929","519.1","CENTRAL CITY 0.8 SSE, NE US","    0",",,N",,,,,,
"US10merr002","2006-10-06","41.1161","-97.9929","519.1","CENTRAL CITY 0.8 SSE, NE US","    0",",,N",,,,,,
"US10merr002","2006-10-07","41.1161","-97.9929","519.1","CENTRAL CITY 0.8 SSE, NE US","    0",",,N",,,,,,
"US10merr002","2006-10-08","41.1161","-97.9929","519.1","CENTRAL CITY 0.8 SSE, NE US","    0",",,N",,,,,,
"US10merr002","2006-10-09","41.1161","-97.9929","519.1","CENTRAL CITY 0.8 SSE, NE US","   69",",,N","    0",",,N","    0",",,N",,
"US10merr002","2006-10-10","41.1161","-97.9929","519.1","CENTRAL CITY 0.8 SSE, NE US","   53",",,N","    0",",,N","    0",",,N",,
"US10merr002","2006-10-11","41.1161","-97.9929","519.1","CENTRAL CITY 0.8 SSE, NE US","   79",",,N","    0",",,N","    0",",,N",,
"US10merr002","2006-10-12","41.1161","-97.9929","519.1","CENTRAL CITY 0.8 SSE, NE US","    5",",,N","    0",",,N","    0",",,N",,
"US10merr002","2006-10-13","41.1161","-97.9929","519.1","CENTRAL CITY 0.8 SSE, NE US","    0",",,N",,,,,,
"US10merr002","2006-10-14","41.1161","-97.9929","519.1","CENTRAL CITY 0.8 SSE, NE US","    0",",,N",,,,,,
"US10merr002","2006-10-15","41.1161","-97.9929","519.1","CENTRAL CITY 0.8 SSE, NE US","    0",",,N",,,,,,
"US10merr002","2006-10-16","41.1161","-97.9929","519.1","CENTRAL CITY 0.8 SSE, NE US","    5",",,N","    0",",,N","    0",",,N",,
"US10merr002","2006-10-17","41.1161","-97.9929","519.1","CENTRAL CITY 0.8 SSE, NE US","    0",",,N",,,,,,
"US10merr002","2006-10-18","41.1161","-97.9929","519.1","CENTRAL CITY 0.8 SSE, NE US","   38",",,N","    0",",,N","    0",",,N",,
"US10merr002","2006-10-19","41.1161","-97.9929","519.1","CENTRAL CITY 0.8 SSE, NE US","    0",",,N",,,,,,
"US10merr002","2006-10-20","41.1161","-97.9929","519.1","CENTRAL CITY 0.8 SSE, NE US","    0",",,N",,,,,,
"US10merr002","2006-10-21","41.1161","-97.9929","519.1","CENTRAL CITY 0.8 SSE, NE US","   20",",,N","    0",",,N","    0",",,N",,
"US10merr002","2006-10-22","41.1161","-97.9929","519.1","CENTRAL CITY 0.8 SSE, NE US","    3",",,N","    0",",,N","    0",",,N",,
"US10merr002","2006-10-23","41.1161","-97.9929","519.1","CENTRAL CITY 0.8 SSE, NE US","    0",",,N",,,,,,
"US10merr002","2006-10-24","41.1161","-97.9929","519.1","CENTRAL CITY 0.8 SSE, NE US","    0",",,N",,,,,,
"US10merr002","2006-10-25","41.1161","-97.9929","519.1","CENTRAL CITY 0.8 SSE, NE US","    0",",,N",,,,,,
"US10merr002","2006-10-26","41.1161","-97.9929","519.1","CENTRAL CITY 0.8 SSE, NE US","    0",",,N",,,,,,
"US10merr002","2006-10-27","41.1161","-97.9929","519.1","CENTRAL CITY 0.8 SSE, NE US","    0",",,N",,,,,,
"US10merr002","2006-10-28","41.1161","-97.9929","519.1","CENTRAL CITY 0.8 SSE, NE US","    0",",,N",,,,,,
"US10merr002","2006-10-29","41.1161","-97.9929","519.1","CENTRAL CITY 0.8 SSE, NE US","    0",",,N",,,,,,
"US10merr002","2006-10-30","41.1161","-97.9929","519.1","CENTRAL CITY 0.8 SSE, NE US","    0",",,N",,,,,,
"US10merr002","2006-10-31","41.1161","-97.9929","519.1","CENTRAL CITY 0.8 SSE, NE US","    0",",,N",,,,,,
"US10merr002","2006-11-01","41.1161","-97.9929","519.1","CENTRAL CITY 0.8 SSE, NE US","    0",",,N",,,,,,
"US10merr002","2006-11-02","41.1161","-97.9929","519.1","CENTRAL CITY 0.8 SSE, NE US","    0",",,N",,,,,,
"US10merr002","2006-11-03","41.1161","-97.9929","519.1","CENTRAL CITY 0.8 SSE, NE US","    0",",,N",,,,,,
