"STATION","DATE","LATITUDE","LONGITUDE","ELEVATION","NAME","PRCP","PRCP_ATTRIBUTES","SNOW","SNOW_ATTRIBUTES","SNWD","SNWD_ATTRIBUTES","DAPR","DAPR_ATTRIBUTES","MDPR","MDPR_ATTRIBUTES","WESD","WESD_ATTRIBUTES","WESF","WESF_ATTRIBUTES"
"US1CODN0089","2004-09-10","39.7504","-105.0015","1595.9","DENVER 3.6 WSW, CO US","    0",",,N","    0",",,N","    0",",,N",,,,,,,,
"US1CODN0089","2004-09-11","39.7504","-105.0015","1595.9","DENVER 3.6 WSW, CO US","    0",",,N","    0",",,N","    0",",,N",,,,,,,,
"US1CODN0089","2004-09-12","39.7504","-105.0015","1595.9","DENVER 3.6 WSW, CO US","    0",",,N","    0",",,N","    0",",,N",,,,,,,,
"US1CODN0089","2004-09-13","39.7504","-105.0015","1595.9","DENVER 3.6 WSW, CO US","    0",",,N","    0",",,N","    0",",,N",,,,,,,,
"US1CODN0089","2004-09-14","39.7504","-105.0015","1595.9","DENVER 3.6 WSW, CO US","    0",",,N","    0",",,N","    0",",,N",,,,,,,,
"US1CODN0089","2004-09-15","39.7504","-105.0015","1595.9","DENVER 3.6 WSW, CO US","    0","T,,N","    0",",,N","    0",",,N",,,,,,,,
"US1CODN0089","2004-09-20","39.7504","-105.0015","1595.9","DENVER 3.6 WSW, CO US","    0",",,N","    0",",,N","    0",",,N",,,,,,,,
"US1CODN0089","2004-09-21","39.7504","-105.0015","1595.9","DENVER 3.6 WSW, CO US","   53",",,N","    0",",,N","    0",",,N",,,,,,,,
"US1CODN0089","2004-09-22","39.7504","-105.0015","1595.9","DENVER 3.6 WSW, CO US","  231",",,N","    0",",,N","    0",",,N",,,,,,,,
"US1CODN0089","2004-09-23","39.7504","-105.0015","1595.9","DENVER 3.6 WSW, CO US","   18",",,N","    0",",,N","    0",",,N",,,,,,,,
"US1CODN0089","2004-09-24","39.7504","-105.0015","1595.9","DENVER 3.6 WSW, CO US","    0",",,N","    0",",,N","    0",",,N",,,,,,,,
"US1CODN0089","2004-09-26","39.7504","-105.0015","1595.9","DENVER 3.6 WSW, CO US","   23",",,N","    0",",,N","    0",",,N",,,,,,,,
"US1CODN0089","2004-09-27","39.7504","-105.0015","1595.9","DENVER 3.6 WSW, CO US","    0",",,N","    0",",,N","    0",",,N",,,,,,,,
"US1CODN0089","2004-09-28","39.7504","-105.0015","1595.9","DENVER 3.6 WSW, CO US","  132",",,N","    0",",,N","    0",",,N",,,,,,,,
"US1CODN0089","2004-09-29","39.7504","-105.0015","1595.9","DENVER 3.6 WSW, CO US","    0",",,N","    0",",,N","    0",",,N",,,,,,,,
"US1CODN0089","2004-09-30","39.7504","-105.0015","1595.9","DENVER 3.6 WSW, CO US","   64",",,N","    0",",,N","    0",",,N",,,,,,,,
"US1CODN0089","2004-10-01","39.7504","-105.0015","1595.9","DENVER 3.6 WSW, CO US","   53",",,N","    0",",,N","    0",",,N",,,,,,,,
"US1CODN0089","2004-10-03","39.7504","-105.0015","1595.9","DENVER 3.6 WSW, CO US","    0",",,N","    0",",,N","    0",",,N",,,,,,,,
"US1CODN0089","2004-10-04","39.7504","-105.0015","1595.9","DENVER 3.6 WSW, CO US","    0",",,N","    0",",,N","    0",",,N",,,,,,,,
"US1CODN0089","2004-10-05","39.7504","-105.0015","1595.9","DENVER 3.6 WSW, CO US","    0",",,N","    0",",,N","    0",",,N",,,,,,,,
"US1CODN0089","2004-10-06","39.7504","-105.0015","1595.9","DENVER 3.6 WSW, CO US","  142",",,N","    0",",,N","    0",",,N",,,,,,,,
"US1CODN0089","2004-10-07","39.7504","-105.0015","1595.9","DENVER 3.6 WSW, CO US","    3",",,N","    0",",,N","    0",",,N",,,,,,,,
"US1CODN0089","2004-10-08","39.7504","-105.0015","1595.9","DENVER 3.6 WSW, CO US","    0",",,N","    0",",,N","    0",",,N",,,,,,,,
"US1CODN0089","2004-10-15","39.7504","-105.0015","1595.9","DENVER 3.6 WSW, CO US","    0",",,N","    0",",,N","    0",",,N",,,,,,,,
"US1CODN0089","2004-10-16","39.7504","-105.0015","1595.9","DENVER 3.6 WSW, CO US","    5",",,N","    0",",,N","    0",",,N",,,,,,,,
"US1CODN0089","2004-10-17","39.7504","-105.0015","1595.9","DENVER 3.6 WSW, CO US","    0",",,N","    0",",,N","    0",",,N",,,,,,,,
"US1CODN0089","2004-10-18","39.7504","-105.0015","1595.9","DENVER 3.6 WSW, CO US","    0",",,N","    0",",,N","    0",",,N",,,,,,,,
"US1CODN0089","2004-10-19","39.7504","-105.0015","1595.9","DENVER 3.6 WSW, CO US","    0",",,N","    0",",,N","    0",",,N",,,,,,,,
"US1CODN0089","2004-10-20","39.7504","-105.0015","1595.9","DENVER 3.6 WSW, CO US","    0",",,N","    0",",,N","    0",",,N",,,,,,,,
"US1CODN0089","2004-10-21","39.7504","-105.0015","1595.9","DENVER 3.6 WSW, CO US","    0",",,N","    0",",,N","    0",",,N",,,,,,,,
"US1CODN0089","2004-10-22","39.7504","-105.0015","1595.9","DENVER 3.6 WSW, CO US","    0",",,N","    0",",,N","    0",",,N",,,,,,,,
"US1CODN0089","2004-10-23","39.7504","-105.0015","1595.9","DENVER 3.6 WSW, CO US","    0",",,N","    0",",,N","    0",",,N",,,,,,,,
"US1CODN0089","2004-10-24","39.7504","-105.0015","1595.9","DENVER 3.6 WSW, CO US","    0",",,N","    0",",,N","    0",",,N",,,,,,,,
"US1CODN0089","2004-10-25","39.7504","-105.0015","1595.9","DENVER 3.6 WSW, CO US","    0",",,N","    0",",,N","    0",",,N",,,,,,,,
"US1CODN0089","2004-10-26","39.7504","-105.0015","1595.9","DENVER 3.6 WSW, CO US","    0",",,N","    0",",,N","    0",",,N",,,,,,,,
"US1CODN0089","2004-10-28","39.7504","-105.0015","1595.9","DENVER 3.6 WSW, CO US","    0",",,N","    0",",,N","    0",",,N",,,,,,,,
"US1CODN0089","2004-10-29","39.7504","-105.0015","1595.9","DENVER 3.6 WSW, CO US","    0",",,N","    0",",,N","    0",",,N",,,,,,,,
"US1CODN0089","2004-10-30","39.7504","-105.0015","1595.9","DENVER 3.6 WSW, CO US","    0",",,N","    0",",,N","    0",",,N",,,,,,,,
"US1CODN0089","2004-10-31","39.7504","-105.0015","1595.9","DENVER 3.6 WSW, CO US","    0",",,N","    0",",,N","    0",",,N",,,,,,,,
"US1CODN0089","2004-11-01","39.7504","-105.0015","1595.9","DENVER 3.6 WSW, CO US","  104",",,N","   76",",,N","   76",",,N",,,,,,,,
"US1CODN0089","2004-11-02","39.7504","-105.0015","1595.9","DENVER 3.6 WSW, CO US","    0",",,N","    0",",,N","   51",",,N",,,,,,,,
"US1CODN0089","2004-11-04","39.7504","-105.0015","1595.9","DENVER 3.6 WSW, CO US","    0",",,N","    0",",,N","    0",",,N",,,,,,,,
"US1CODN0089","2004-11-09","39.7504","-105.0015","1595.9","DENVER 3.6 WSW, CO US","    0",",,N","    0",",,N","    0",",,N",,,,,,,,
"US1CODN0089","2004-11-10","39.7504","-105.0015","1595.9","DENVER 3.6 WSW, CO US","    3",",,N","    0",",,N","    0",",,N",,,,,,,,
"US1CODN0089","2004-11-11","39.7504","-105.0015","1595.9","DENVER 3.6 WSW, CO US","   61",",,N","    6",",,N","    0",",,N",,,,,,,,
"US1CODN0089","2004-11-12","39.7504","-105.0015","1595.9","DENVER 3.6 WSW, CO US","    0",",,N","    0",",,N","    0",",,N",,,,,,,,
"US1CODN0089","2004-11-13","39.7504","-105.0015","1595.9","DENVER 3.6 WSW, CO US","    0",",,N","    0",",,N","    0",",,N",,,,,,,,
"US1CODN0089","2004-11-14","39.7504","-105.0015","1595.9","DENVER 3.6 WSW, CO US","    0",",,N","    0",",,N","    0",",,N",,,,,,,,
"US1CODN0089","2004-11-16","39.7504","-105.0015","1595.9","DENVER 3.6 WSW, CO US","    0",",,N","    0",",,N","    0",",,N",,,,,,,,
"US1CODN0089","2004-11-17","39.7504","-105.0015","1595.9","DENVER 3.6 WSW, CO US","    0",",,N","    0",",,N","    0",",,N",,,,,,,,
"US1CODN0089","2004-11-19","39.7504","-105.0015","1595.9","DENVER 3.6 WSW, CO US","    0",",,N","    0",",,N","    0",",,N",,,,,,,,
"US1CODN0089","2004-11-20","39.7504","-105.0015","1595.9","DENVER 3.6 WSW, CO US",,,"   33",",,N","   33",",,N",,,,,,,,
"US1CODN0089","2004-11-21","39.7504","-105.0015","1595.9","DENVER 3.6 WSW, CO US",,,"   25",",,N","   33",",,N",,,,,,,,
"US1CODN0089","2004-11-22","39.7504","-105.0015","1595.9","DENVER 3.6 WSW, CO US","    0",",,N","    0",",,N","   13",",,N",,,,,,,,
"US1CODN0089","2004-11-23","39.7504","-105.0015","1595.9","DENVER 3.6 WSW, CO US","   51",",,N","    0",",,N","    0",",,N",,,,,,,,
"US1CODN0089","2004-11-24","39.7504","-105.0015","1595.9","DENVER 3.6 WSW, CO US",,,"    6",",,N","    0",",,N",,,,,,,,
"US1CODN0089","2004-11-25","39.7504","-105.0015","1595.9","DENVER 3.6 WSW, CO US","    3",",,N","    0",",,N","    0",",,N",,,,,,,,
"US1CODN0089","2004-11-26","39.7504","-105.0015","1595.9","DENVER 3.6 WSW, CO US","    0",",,N","    0",",,N","    0",",,N",,,,,,,,
"US1CODN0089","2004-11-27","39.7504","-105.0015","1595.9","DENVER 3.6 WSW, CO US","    3",",,N","    0",",,N","    0",",,N",,,,,,,,
"US1CODN0089","2004-11-28","39.7504","-105.0015","1595.9","DENVER 3.6 WSW, CO US",,,"   15",",,N","   15",",,N",,,,,,,,
"US1CODN0089","2004-11-29","39.7504","-105.0015","1595.9","DENVER 3.6 WSW, CO US","  152",",,N","  152",",,N","  168",",,N",,,,,,,"  152",",,N"
"US1CODN0089","2004-11-30","39.7504","-105.0015","1595.9","DENVER 3.6 WSW, CO US","    0",",,N","    0","T,,N","  127",",,N",,,,,,,,
"US1CODN0089","2004-12-01","39.7504","-105.0015","1595.9","DENVER 3.6 WSW, CO US","    0",",,N","    0",",,N","   76",",,N",,,,,,,,
"US1CODN0089","2004-12-02","39.7504","-105.0015","1595.9","DENVER 3.6 WSW, CO US","    0",",,N","    0",",,N","   57",",,N",,,,,,,,
"US1CODN0089","2004-12-03","39.7504","-105.0015","1595.9","DENVER 3.6 WSW, CO US","    0",",,N","    0",",,N","   51",",,N",,,,,,,,
"US1CODN0089","2004-12-04","39.7504","-105.0015","1595.9","DENVER 3.6 WSW, CO US","    0",",,N","    0",",,N","   25",",,N",,,,,,,,
"US1CODN0089","2004-12-05","39.7504","-105.0015","1595.9","DENVER 3.6 WSW, CO US","    0",",,N","    0",",,N","    0",",,N",,,,,,,,
"US1CODN0089","2004-12-06","39.7504","-105.0015","1595.9","DENVER 3.6 WSW, CO US","    0",",,N","    0",",,N","    0",",,N",,,,,,,,
"US1CODN0089","2004-12-07","39.7504","-105.0015","1595.9","DENVER 3.6 WSW, CO US","    0",",,N","    0",",,N","    0",",,N",,,,,,,,
"US1CODN0089","2004-12-09","39.7504","-105.0015","1595.9","DENVER 3.6 WSW, CO US","    0",",,N","    0",",,N","    0",",,N",,,,,,,,
"US1CODN0089","2004-12-10","39.7504","-105.0015","1595.9","DENVER 3.6 WSW, CO US","    0",",,N","    0",",,N","    0",",,N",,,,,,,,
"US1CODN0089","2004-12-13","39.7504","-105.0015","1595.9","DENVER 3.6 WSW, CO US","    0",",,N","    0",",,N","    0",",,N",,,,,,,,
"US1CODN0089","2004-12-14","39.7504","-105.0015","1595.9","DENVER 3.6 WSW, CO US","    0",",,N","    0",",,N","    0",",,N",,,,,,,,
"US1CODN0089","2004-12-15","39.7504","-105.0015","1595.9","DENVER 3.6 WSW, CO US","    0",",,N","    0",",,N","    0",",,N",,,,,,,,
"US1CODN0089","2004-12-16","39.7504","-105.0015","1595.9","DENVER 3.6 WSW, CO US","    5",",,N","    0","T,,N","    0",",,N",,,,,,,,
"US1CODN0089","2004-12-17","39.7504","-105.0015","1595.9","DENVER 3.6 WSW, CO US","    0",",,N","    0",",,N","    0",",,N",,,,,,,,
"US1CODN0089","2004-12-18","39.7504","-105.0015","1595.9","DENVER 3.6 WSW, CO US","    0",",,N","    0",",,N","    0",",,N",,,,,,,,
"US1CODN0089","2004-12-20","39.7504","-105.0015","1595.9","DENVER 3.6 WSW, CO US","    0",",,N","    0",",,N","    0",",,N",,,,,,,,
"US1CODN0089","2004-12-21","39.7504","-105.0015","1595.9","DENVER 3.6 WSW, CO US","    0",",,N","    0",",,N","    0",",,N",,,,,,,,
"US1CODN0089","2004-12-22","39.7504","-105.0015","1595.9","DENVER 3.6 WSW, CO US","    5",",,N","   25",",,N","   25",",,N",,,,,,,"    5",",,N"
"US1CODN0089","2004-12-23","39.7504","-105.0015","1595.9","DENVER 3.6 WSW, CO US",,,"   19",",,N","   19",",,N",,,,,,,,
"US1CODN0089","2004-12-24","39.7504","-105.0015","1595.9","DENVER 3.6 WSW, CO US",,,"    0","T,,N","   13",",,N",,,,,,,,
"US1CODN0089","2004-12-26","39.7504","-105.0015","1595.9","DENVER 3.6 WSW, CO US","    0",",,N","    0",",,N","    0",",,N",,,,,,,,
"US1CODN0089","2004-12-27","39.7504","-105.0015","1595.9","DENVER 3.6 WSW, CO US","    0",",,N","    0",",,N","    0",",,N",,,,,,,,
"US1CODN0089","2004-12-28","39.7504","-105.0015","1595.9","DENVER 3.6 WSW, CO US","    0",",,N","    0",",,N","    0",",,N",,,,,,,,
"US1CODN0089","2004-12-30","39.7504","-105.0015","1595.9","DENVER 3.6 WSW, CO US","    0",",,N","    0",",,N","    0",",,N",,,,,,,,
"US1CODN0089","2004-12-31","39.7504","-105.0015","1595.9","DENVER 3.6 WSW, CO US","    0",",,N","    0",",,N","    0",",,N",,,,,,,,
"US1CODN0089","2005-01-01","39.7504","-105.0015","1595.9","DENVER 3.6 WSW, CO US","    0",",,N","    0",",,N","    0",",,N",,,,,,,,
"US1CODN0089","2005-01-02","39.7504","-105.0015","1595.9","DENVER 3.6 WSW, CO US","    0",",,N","    0",",,N","    0",",,N",,,,,,,,
"US1CODN0089","2005-01-03","39.7504","-105.0015","1595.9","DENVER 3.6 WSW, CO US","    0",",,N","    0",",,N","    0",",,N",,,,,,,,
"US1CODN0089","2005-01-04","39.7504","-105.0015","1595.9","DENVER 3.6 WSW, CO US","    0",",,N","    0",",,N","    0",",,N",,,,,,,,
"US1CODN0089","2005-01-05","39.7504","-105.0015","1595.9","DENVER 3.6 WSW, CO US","   28",",,N","   57",",,N","   57",",,N",,,,,,,,
"US1CODN0089","2005-01-06","39.7504","-105.0015","1595.9","DENVER 3.6 WSW, CO US","    0",",,N","    0","T,,N","   57",",,N",,,,,,,,
"US1CODN0089","2005-01-07","39.7504","-105.0015","1595.9","DENVER 3.6 WSW, CO US",,,"    0",",,N","    6",",,N",,,,,,,,
"US1CODN0089","2005-01-08","39.7504","-105.0015","1595.9","DENVER 3.6 WSW, CO US","    0",",,N","    0",",,N","    0",",,N",,,,,,,,
"US1CODN0089","2005-01-09","39.7504","-105.0015","1595.9","DENVER 3.6 WSW, CO US","    0",",,N","    0",",,N","    0",",,N",,,,,,,,
"US1CODN0089","2005-01-10","39.7504","-105.0015","1595.9","DENVER 3.6 WSW, CO US","    0",",,N","    0",",,N","    0",",,N",,,,,,,,
"US1CODN0089","2005-01-12","39.7504","-105.0015","1595.9","DENVER 3.6 WSW, CO US",,,"   89",",,N","   89",",,N",,,,,,,,
"US1CODN0089","2005-01-13","39.7504","-105.0015","1595.9","DENVER 3.6 WSW, CO US","    0",",,N","    0",",,N","   32",",,N",,,,,,,,
"US1CODN0089","2005-01-14","39.7504","-105.0015","1595.9","DENVER 3.6 WSW, CO US",,,"    0",",,N","    0","T,,N",,,,,"    0",",,N",,
"US1CODN0089","2005-01-17","39.7504","-105.0015","1595.9","DENVER 3.6 WSW, CO US","    0",",,N","    0",",,N","    0",",,N",,,,,,,,
"US1CODN0089","2005-01-20","39.7504","-105.0015","1595.9","DENVER 3.6 WSW, CO US","    0",",,N","    0",",,N","    0",",,N",,,,,,,,
"US1CODN0089","2005-01-21","39.7504","-105.0015","1595.9","DENVER 3.6 WSW, CO US","    0",",,N","    0",",,N","    0",",,N",,,,,,,,
"US1CODN0089","2005-01-25","39.7504","-105.0015","1595.9","DENVER 3.6 WSW, CO US","    0",",,N","    0",",,N","    0",",,N",,,,,,,,
"US1CODN0089","2005-01-26","39.7504","-105.0015","1595.9","DENVER 3.6 WSW, CO US","    0",",,N","    0",",,N","    0",",,N",,,,,,,,
"US1CODN0089","2005-01-28","39.7504","-105.0015","1595.9","DENVER 3.6 WSW, CO US","    0",",,N","    0",",,N","    0",",,N",,,,,,,,
"US1CODN0089","2005-01-29","39.7504","-105.0015","1595.9","DENVER 3.6 WSW, CO US","    0","T,,N","    0",",,N","    0",",,N",,,,,,,,
"US1CODN0089","2005-01-30","39.7504","-105.0015","1595.9","DENVER 3.6 WSW, CO US","   23",",,N","    0",",,N","    0",",,N",,,,,,,,
"US1CODN0089","2005-01-31","39.7504","-105.0015","1595.9","DENVER 3.6 WSW, CO US","   10",",,N","   89",",,N","   89",",,N",,,,,,,,
"US1CODN0089","2005-02-01","39.7504","-105.0015","1595.9","DENVER 3.6 WSW, CO US","   69",",,N","    0",",,N","    0","T,,N",,,,,,,,
"US1CODN0089","2005-02-02","39.7504","-105.0015","1595.9","DENVER 3.6 WSW, CO US","    0",",,N","    0",",,N","    0",",,N",,,,,,,,
"US1CODN0089","2005-02-04","39.7504","-105.0015","1595.9","DENVER 3.6 WSW, CO US","    0",",,N","    0",",,N","    0",",,N",,,,,,,,
"US1CODN0089","2005-03-01","39.7504","-105.0015","1595.9","DENVER 3.6 WSW, CO US","    0",",L,N","    0",",,N","    0",",,N","   25",",L,N","  932",",L,N",,,,
"US1CODN0089","2005-03-02","39.7504","-105.0015","1595.9","DENVER 3.6 WSW, CO US","    0",",,N","    0",",,N","    0",",,N",,,,,,,,
"US1CODN0089","2005-03-03","39.7504","-105.0015","1595.9","DENVER 3.6 WSW, CO US","    0",",,N","    0",",,N","    0",",,N",,,,,,,,
"US1CODN0089","2005-03-04","39.7504","-105.0015","1595.9","DENVER 3.6 WSW, CO US","    0",",,N","    0",",,N","    0",",,N",,,,,,,,
"US1CODN0089","2005-03-05","39.7504","-105.0015","1595.9","DENVER 3.6 WSW, CO US","    0",",,N","    0",",,N","    0",",,N",,,,,,,,
"US1CODN0089","2005-03-06","39.7504","-105.0015","1595.9","DENVER 3.6 WSW, CO US","    0",",,N","    0",",,N","    0",",,N",,,,,,,,
"US1CODN0089","2005-03-08","39.7504","-105.0015","1595.9","DENVER 3.6 WSW, CO US","    0",",,N","    0",",,N","    0",",,N",,,,,,,,
"US1CODN0089","2005-03-09","39.7504","-105.0015","1595.9","DENVER 3.6 WSW, CO US","   10",",,N","    0",",,N","    0",",,N",,,,,,,,
"US1CODN0089","2005-03-10","39.7504","-105.0015","1595.9","DENVER 3.6 WSW, CO US","    0",",,N","    0",",,N","    0",",,N",,,,,,,,
"US1CODN0089","2005-03-11","39.7504","-105.0015","1595.9","DENVER 3.6 WSW, CO US","    0",",,N","    0",",,N","    0",",,N",,,,,,,,
"US1CODN0089","2005-03-13","39.7504","-105.0015","1595.9","DENVER 3.6 WSW, CO US",,,"   89",",,N","   89",",,N",,,,,,,,
"US1CODN0089","2005-03-14","39.7504","-105.0015","1595.9","DENVER 3.6 WSW, CO US",,,"    0",",,N","   64",",,N",,,,,,,,
"US1CODN0089","2005-03-15","39.7504","-105.0015","1595.9","DENVER 3.6 WSW, CO US",,,"    0","T,,N","   64",",,N",,,,,,,,
"US1CODN0089","2005-03-20","39.7504","-105.0015","1595.9","DENVER 3.6 WSW, CO US","    0",",,N","    0",",,N","    0",",,N",,,,,,,,
"US1CODN0089","2005-03-21","39.7504","-105.0015","1595.9","DENVER 3.6 WSW, CO US","   79",",,N","    0",",,N","    0",",,N",,,,,,,,
"US1CODN0089","2005-03-24","39.7504","-105.0015","1595.9","DENVER 3.6 WSW, CO US","   23",",,N","    0",",,N","    0",",,N",,,,,,,,
"US1CODN0089","2005-03-25","39.7504","-105.0015","1595.9","DENVER 3.6 WSW, CO US","    5",",,N","    6",",,N","    6",",,N",,,,,,,,
"US1CODN0089","2005-03-29","39.7504","-105.0015","1595.9","DENVER 3.6 WSW, CO US","    0",",,N","    0",",,N","    0",",,N",,,,,,,,
"US1CODN0089","2005-03-30","39.7504","-105.0015","1595.9","DENVER 3.6 WSW, CO US","    5",",,N","    0",",,N","    0",",,N",,,,,,,,
"US1CODN0089","2005-03-31","39.7504","-105.0015","1595.9","DENVER 3.6 WSW, CO US","   10",",,N","    6",",,N","    0",",,N",,,,,,,,
"US1CODN0089","2005-04-01","39.7504","-105.0015","1595.9","DENVER 3.6 WSW, CO US","   10",",,N","    0",",,N","    0",",,N",,,,,,,,
"US1CODN0089","2005-04-02","39.7504","-105.0015","1595.9","DENVER 3.6 WSW, CO US","    0",",,N","    0",",,N","    0",",,N",,,,,,,,
"US1CODN0089","2005-04-03","39.7504","-105.0015","1595.9","DENVER 3.6 WSW, CO US","    0",",,N","    0",",,N","    0",",,N",,,,,,,,
"US1CODN0089","2005-04-04","39.7504","-105.0015","1595.9","DENVER 3.6 WSW, CO US","    0",",,N","    0",",,N","    0",",,N",,,,,,,,
"US1CODN0089","2005-04-05","39.7504","-105.0015","1595.9","DENVER 3.6 WSW, CO US","   10",",,N","    0",",,N","    0",",,N",,,,,,,,
"US1CODN0089","2005-04-06","39.7504","-105.0015","1595.9","DENVER 3.6 WSW, CO US","    0",",,N","    0",",,N","    0",",,N",,,,,"    0",",,N","    0",",,N"
"US1CODN0089","2005-04-07","39.7504","-105.0015","1595.9","DENVER 3.6 WSW, CO US","    0",",,N","    0",",,N","    0",",,N",,,,,"    0",",,N","    0",",,N"
"US1CODN0089","2005-04-10","39.7504","-105.0015","1595.9","DENVER 3.6 WSW, CO US","   36",",,N","   38",",,N","   38",",,N",,,,,,,,
"US1CODN0089","2005-04-11","39.7504","-105.0015","1595.9","DENVER 3.6 WSW, CO US","   13",",,N","  203",",,N","  241",",,N",,,,,,,,
"US1CODN0089","2005-04-12","39.7504","-105.0015","1595.9","DENVER 3.6 WSW, CO US","  343",",,N","    0",",,N","   38",",,N",,,,,,,,
"US1CODN0089","2005-04-13","39.7504","-105.0015","1595.9","DENVER 3.6 WSW, CO US","    0",",,N","    0",",,N",,,,,,,,,,
"US1CODN0089","2005-04-21","39.7504","-105.0015","1595.9","DENVER 3.6 WSW, CO US","  107",",,N","    0",",,N",,,,,,,,,,
"US1CODN0089","2005-04-22","39.7504","-105.0015","1595.9","DENVER 3.6 WSW, CO US","    0",",,N","    0",",,N",,,,,,,,,,
"US1CODN0089","2005-04-24","39.7504","-105.0015","1595.9","DENVER 3.6 WSW, CO US","    0",",,N","    0",",,N",,,,,,,,,,
"US1CODN0089","2005-04-25","39.7504","-105.0015","1595.9","DENVER 3.6 WSW, CO US","  150",",,N","    0",",,N",,,,,,,,,,
"US1CODN0089","2005-04-26","39.7504","-105.0015","1595.9","DENVER 3.6 WSW, CO US","   76",",,N","    0",",,N",,,,,,,,,,
"US1CODN0089","2005-04-28","39.7504","-105.0015","1595.9","DENVER 3.6 WSW, CO US","   99",",,N","    0",",,N",,,,,,,,,,
"US1CODN0089","2005-04-29","39.7504","-105.0015","1595.9","DENVER 3.6 WSW, CO US","    5",",,N","   13",",,N",,,,,,,,,,
"US1CODN0089","2005-04-30","39.7504","-105.0015","1595.9","DENVER 3.6 WSW, CO US",,,"   20",",,N","   13",",,N",,,,,,,,
"US1CODN0089","2005-05-01","39.7504","-105.0015","1595.9","DENVER 3.6 WSW, CO US","   61",",,N","    0",",,N","    0",",,N",,,,,,,,
"US1CODN0089","2005-05-02","39.7504","-105.0015","1595.9","DENVER 3.6 WSW, CO US","   18",",,N","    0",",,N",,,,,,,,,,
"US1CODN0089","2005-05-07","39.7504","-105.0015","1595.9","DENVER 3.6 WSW, CO US","    3",",,N","    0",",,N",,,,,,,,,,
"US1CODN0089","2005-05-08","39.7504","-105.0015","1595.9","DENVER 3.6 WSW, CO US","    5",",,N","    0",",,N",,,,,,,,,,
"US1CODN0089","2005-05-09","39.7504","-105.0015","1595.9","DENVER 3.6 WSW, CO US","    0",",,N","    0",",,N",,,,,,,,,,
"US1CODN0089","2005-05-11","39.7504","-105.0015","1595.9","DENVER 3.6 WSW, CO US","   46",",,N","    0",",,N",,,,,,,,,,
"US1CODN0089","2005-05-12","39.7504","-105.0015","1595.9","DENVER 3.6 WSW, CO US","   46",",,N","    0",",,N",,,,,,,,,,
"US1CODN0089","2005-05-13","39.7504","-105.0015","1595.9","DENVER 3.6 WSW, CO US","    0",",,N","    0",",,N",,,,,,,,,,
"US1CODN0089","2005-05-30","39.7504","-105.0015","1595.9","DENVER 3.6 WSW, CO US",,,,,,,"   16",",,N","  102",",,N",,,,
"US1CODN0089","2005-06-01","39.7504","-105.0015","1595.9","DENVER 3.6 WSW, CO US","    0",",,N","    0",",,N",,,,,,,,,,
"US1CODN0089","2005-06-02","39.7504","-105.0015","1595.9","DENVER 3.6 WSW, CO US","    0",",,N","    0",",,N",,,,,,,,,,
"US1CODN0089","2005-06-03","39.7504","-105.0015","1595.9","DENVER 3.6 WSW, CO US","   69",",,N","    0",",,N",,,,,,,,,,
"US1CODN0089","2005-06-04","39.7504","-105.0015","1595.9","DENVER 3.6 WSW, CO US","  196",",,N","    0",",,N",,,,,,,,,,
"US1CODN0089","2005-06-05","39.7504","-105.0015","1595.9","DENVER 3.6 WSW, CO US","  157",",,N","    0",",,N",,,,,,,,,,
"US1CODN0089","2005-06-06","39.7504","-105.0015","1595.9","DENVER 3.6 WSW, CO US","    0",",,N","    0",",,N",,,,,,,,,,
"US1CODN0089","2005-06-07","39.7504","-105.0015","1595.9","DENVER 3.6 WSW, CO US","    0",",,N","    0",",,N",,,,,,,,,,
"US1CODN0089","2005-06-08","39.7504","-105.0015","1595.9","DENVER 3.6 WSW, CO US","    0",",,N","    0",",,N",,,,,,,,,,
"US1CODN0089","2005-06-09","39.7504","-105.0015","1595.9","DENVER 3.6 WSW, CO US","    3",",,N","    0",",,N",,,,,,,,,,
"US1CODN0089","2005-06-10","39.7504","-105.0015","1595.9","DENVER 3.6 WSW, CO US","  168",",,N","    0",",,N",,,,,,,,,,
"US1CODN0089","2005-06-11","39.7504","-105.0015","1595.9","DENVER 3.6 WSW, CO US","  117",",,N","    0",",,N",,,,,,,,,,
"US1CODN0089","2005-06-12","39.7504","-105.0015","1595.9","DENVER 3.6 WSW, CO US","  124",",,N","    0",",,N",,,,,,,,,,
"US1CODN0089","2005-06-13","39.7504","-105.0015","1595.9","DENVER 3.6 WSW, CO US","    0",",,N","    0",",,N",,,,,,,,,,
"US1CODN0089","2005-06-14","39.7504","-105.0015","1595.9","DENVER 3.6 WSW, CO US","    0",",,N","    0",",,N",,,,,,,,,,
"US1CODN0089","2005-06-15","39.7504","-105.0015","1595.9","DENVER 3.6 WSW, CO US","    0",",,N","    0",",,N",,,,,,,,,,
"US1CODN0089","2005-06-16","39.7504","-105.0015","1595.9","DENVER 3.6 WSW, CO US","    0",",,N","    0",",,N",,,,,,,,,,
"US1CODN0089","2005-06-17","39.7504","-105.0015","1595.9","DENVER 3.6 WSW, CO US","    0",",,N","    0",",,N",,,,,,,,,,
"US1CODN0089","2005-06-18","39.7504","-105.0015","1595.9","DENVER 3.6 WSW, CO US","    0",",,N","    0",",,N",,,,,,,,,,
"US1CODN0089","2005-06-19","39.7504","-105.0015","1595.9","DENVER 3.6 WSW, CO US","    0",",,N","    0",",,N",,,,,,,,,,
"US1CODN0089","2005-06-20","39.7504","-105.0015","1595.9","DENVER 3.6 WSW, CO US","    0",",,N","    0",",,N",,,,,,,,,,
"US1CODN0089","2005-06-21","39.7504","-105.0015","1595.9","DENVER 3.6 WSW, CO US","   10",",,N","    0",",,N",,,,,,,,,,
"US1CODN0089","2005-06-22","39.7504","-105.0015","1595.9","DENVER 3.6 WSW, CO US","   58",",,N","    0",",,N",,,,,,,,,,
"US1CODN0089","2005-06-23","39.7504","-105.0015","1595.9","DENVER 3.6 WSW, CO US","    0",",,N","    0",",,N",,,,,,,,,,
"US1CODN0089","2005-06-24","39.7504","-105.0015","1595.9","DENVER 3.6 WSW, CO US","    3",",,N","    0",",,N",,,,,,,,,,
"US1CODN0089","2005-06-25","39.7504","-105.0015","1595.9","DENVER 3.6 WSW, CO US","    0",",,N","    0",",,N",,,,,,,,,,
"US1CODN0089","2005-06-26","39.7504","-105.0015","1595.9","DENVER 3.6 WSW, CO US","    0",",,N","    0",",,N",,,,,,,,,,
"US1CODN0089","2005-06-27","39.7504","-105.0015","1595.9","DENVER 3.6 WSW, CO US","    0",",,N","    0",",,N",,,,,,,,,,
"US1CODN0089","2005-06-28","39.7504","-105.0015","1595.9","DENVER 3.6 WSW, CO US","    0",",,N","    0",",,N",,,,,,,,,,
"US1CODN0089","2005-06-29","39.7504","-105.0015","1595.9","DENVER 3.6 WSW, CO US","    0",",,N","    0",",,N",,,,,,,,,,
"US1CODN0089","2005-06-30","39.7504","-105.0015","1595.9","DENVER 3.6 WSW, CO US","    0",",,N","    0",",,N",,,,,,,,,,
"US1CODN0089","2005-07-01","39.7504","-105.0015","1595.9","DENVER 3.6 WSW, CO US","    0",",,N","    0",",,N",,,,,,,,,,
"US1CODN0089","2005-07-02","39.7504","-105.0015","1595.9","DENVER 3.6 WSW, CO US","    0",",,N","    0",",,N",,,,,,,,,,
"US1CODN0089","2005-07-03","39.7504","-105.0015","1595.9","DENVER 3.6 WSW, CO US","    0",",,N","    0",",,N",,,,,,,,,,
"US1CODN0089","2005-07-04","39.7504","-105.0015","1595.9","DENVER 3.6 WSW, CO US","    0",",,N","    0",",,N",,,,,,,,,,
"US1CODN0089","2005-07-05","39.7504","-105.0015","1595.9","DENVER 3.6 WSW, CO US","    0",",,N","    0",",,N",,,,,,,,,,
"US1CODN0089","2005-07-06","39.7504","-105.0015","1595.9","DENVER 3.6 WSW, CO US","    0",",,N","    0",",,N",,,,,,,,,,
"US1CODN0089","2005-07-07","39.7504","-105.0015","1595.9","DENVER 3.6 WSW, CO US","    0",",,N","    0",",,N",,,,,,,,,,
"US1CODN0089","2005-07-09","39.7504","-105.0015","1595.9","DENVER 3.6 WSW, CO US","    0",",,N","    0",",,N",,,,,,,,,,
"US1CODN0089","2005-07-10","39.7504","-105.0015","1595.9","DENVER 3.6 WSW, CO US","    0",",,N","    0",",,N",,,,,,,,,,
"US1CODN0089","2005-07-11","39.7504","-105.0015","1595.9","DENVER 3.6 WSW, CO US","    0",",,N","    0",",,N",,,,,,,,,,
"US1CODN0089","2005-07-12","39.7504","-105.0015","1595.9","DENVER 3.6 WSW, CO US","    0",",,N","    0",",,N",,,,,,,,,,
"US1CODN0089","2005-07-13","39.7504","-105.0015","1595.9","DENVER 3.6 WSW, CO US","    0",",,N","    0",",,N",,,,,,,,,,
"US1CODN0089","2005-07-14","39.7504","-105.0015","1595.9","DENVER 3.6 WSW, CO US","    0",",,N","    0",",,N",,,,,,,,,,
"US1CODN0089","2005-07-15","39.7504","-105.0015","1595.9","DENVER 3.6 WSW, CO US","    0",",,N","    0",",,N",,,,,,,,,,
"US1CODN0089","2005-07-16","39.7504","-105.0015","1595.9","DENVER 3.6 WSW, CO US","    0",",,N","    0",",,N",,,,,,,,,,
"US1CODN0089","2005-07-17","39.7504","-105.0015","1595.9","DENVER 3.6 WSW, CO US","    0",",,N","    0",",,N",,,,,,,,,,
"US1CODN0089","2005-07-18","39.7504","-105.0015","1595.9","DENVER 3.6 WSW, CO US","    0",",,N","    0",",,N",,,,,,,,,,
"US1CODN0089","2005-07-19","39.7504","-105.0015","1595.9","DENVER 3.6 WSW, CO US","    0",",,N","    0",",,N",,,,,,,,,,
"US1CODN0089","2005-07-20","39.7504","-105.0015","1595.9","DENVER 3.6 WSW, CO US","    0",",,N","    0",",,N",,,,,,,,,,
"US1CODN0089","2005-07-25","39.7504","-105.0015","1595.9","DENVER 3.6 WSW, CO US","   99",",,N","    0",",,N",,,,,,,,,,
"US1CODN0089","2005-07-26","39.7504","-105.0015","1595.9","DENVER 3.6 WSW, CO US","   61",",,N","    0",",,N",,,,,,,,,,
"US1CODN0089","2005-08-01","39.7504","-105.0015","1595.9","DENVER 3.6 WSW, CO US","    0",",,N","    0",",,N",,,,,,,,,,
"US1CODN0089","2005-08-02","39.7504","-105.0015","1595.9","DENVER 3.6 WSW, CO US","    0",",,N","    0",",,N",,,,,,,,,,
"US1CODN0089","2005-08-03","39.7504","-105.0015","1595.9","DENVER 3.6 WSW, CO US","    0",",,N","    0",",,N",,,,,,,,,,
"US1CODN0089","2005-08-04","39.7504","-105.0015","1595.9","DENVER 3.6 WSW, CO US","  538",",,N","    0",",,N",,,,,,,,,,
"US1CODN0089","2005-08-05","39.7504","-105.0015","1595.9","DENVER 3.6 WSW, CO US","  150",",,N","    0",",,N",,,,,,,,,,
"US1CODN0089","2005-08-09","39.7504","-105.0015","1595.9","DENVER 3.6 WSW, CO US","    0",",,N","    0",",,N",,,,,,,,,,
"US1CODN0089","2005-08-10","39.7504","-105.0015","1595.9","DENVER 3.6 WSW, CO US","    3",",,N","    0",",,N",,,,,,,,,,
"US1CODN0089","2005-08-11","39.7504","-105.0015","1595.9","DENVER 3.6 WSW, CO US","   69",",,N","    0",",,N",,,,,,,,,,
"US1CODN0089","2005-08-12","39.7504","-105.0015","1595.9","DENVER 3.6 WSW, CO US","    0",",,N","    0",",,N",,,,,,,,,,
"US1CODN0089","2005-08-13","39.7504","-105.0015","1595.9","DENVER 3.6 WSW, CO US","   10",",,N","    0",",,N",,,,,,,,,,
"US1CODN0089","2005-08-14","39.7504","-105.0015","1595.9","DENVER 3.6 WSW, CO US","    0",",,N","    0",",,N",,,,,,,,,,
"US1CODN0089","2005-08-15","39.7504","-105.0015","1595.9","DENVER 3.6 WSW, CO US","    0",",,N","    0",",,N",,,,,,,,,,
"US1CODN0089","2005-08-16","39.7504","-105.0015","1595.9","DENVER 3.6 WSW, CO US","    0",",,N","    0",",,N",,,,,,,,,,
"US1CODN0089","2005-08-17","39.7504","-105.0015","1595.9","DENVER 3.6 WSW, CO US","    0","T,,N","    0",",,N",,,,,,,,,,
"US1CODN0089","2005-08-18","39.7504","-105.0015","1595.9","DENVER 3.6 WSW, CO US","    0",",,N","    0",",,N",,,,,,,,,,
"US1CODN0089","2005-08-19","39.7504","-105.0015","1595.9","DENVER 3.6 WSW, CO US","    0",",,N","    0",",,N",,,,,,,,,,
"US1CODN0089","2005-08-20","39.7504","-105.0015","1595.9","DENVER 3.6 WSW, CO US","    0",",,N","    0",",,N",,,,,,,,,,
"US1CODN0089","2005-08-21","39.7504","-105.0015","1595.9","DENVER 3.6 WSW, CO US","    0",",,N","    0",",,N",,,,,,,,,,
"US1CODN0089","2005-08-22","39.7504","-105.0015","1595.9","DENVER 3.6 WSW, CO US","    0",",,N","    0",",,N",,,,,,,,,,
"US1CODN0089","2005-08-23","39.7504","-105.0015","1595.9","DENVER 3.6 WSW, CO US","    0",",,N","    0",",,N",,,,,,,,,,
"US1CODN0089","2005-08-24","39.7504","-105.0015","1595.9","DENVER 3.6 WSW, CO US","   10",",,N","    0",",,N",,,,,,,,,,
"US1CODN0089","2005-08-25","39.7504","-105.0015","1595.9","DENVER 3.6 WSW, CO US","    0",",,N","    0",",,N",,,,,,,,,,
"US1CODN0089","2005-08-26","39.7504","-105.0015","1595.9","DENVER 3.6 WSW, CO US","    0",",,N","    0",",,N",,,,,,,,,,
"US1CODN0089","2005-08-28","39.7504","-105.0015","1595.9","DENVER 3.6 WSW, CO US","    0",",,N","    0",",,N",,,,,,,,,,
"US1CODN0089","2005-08-29","39.7504","-105.0015","1595.9","DENVER 3.6 WSW, CO US","    0",",,N","    0",",,N",,,,,,,,,,
"US1CODN0089","2005-08-30","39.7504","-105.0015","1595.9","DENVER 3.6 WSW, CO US","    0",",,N","    0",",,N",,,,,,,,,,
"US1CODN0089","2005-08-31","39.7504","-105.0015","1595.9","DENVER 3.6 WSW, CO US","    0",",,N","    0",",,N",,,,,,,,,,
"US1CODN0089","2005-09-05","39.7504","-105.0015","1595.9","DENVER 3.6 WSW, CO US","    3",",,N","    0",",,N",,,,,,,,,,
"US1CODN0089","2005-09-06","39.7504","-105.0015","1595.9","DENVER 3.6 WSW, CO US","    0","T,,N","    0",",,N",,,,,,,,,,
"US1CODN0089","2005-10-04","39.7504","-105.0015","1595.9","DENVER 3.6 WSW, CO US",,,,,,,"   28",",,N","  124",",,N",,,,
"US1CODN0089","2005-10-05","39.7504","-105.0015","1595.9","DENVER 3.6 WSW, CO US","   46",",,N","    0",",,N",,,,,,,,,,
"US1CODN0089","2005-10-06","39.7504","-105.0015","1595.9","DENVER 3.6 WSW, CO US","    0",",,N","    0",",,N",,,,,,,,,,
"US1CODN0089","2005-10-10","39.7504","-105.0015","1595.9","DENVER 3.6 WSW, CO US","  434",",,N","   13",",,N","   13",",,N",,,,,,,,
"US1CODN0089","2005-10-11","39.7504","-105.0015","1595.9","DENVER 3.6 WSW, CO US","  246",",,N","    0",",,N","    0",",,N",,,,,,,,
"US1CODN0089","2005-10-14","39.7504","-105.0015","1595.9","DENVER 3.6 WSW, CO US",,,"    0",",,N",,,,,,,,,,
"US1CODN0089","2005-10-22","39.7504","-105.0015","1595.9","DENVER 3.6 WSW, CO US","   13",",,N","    0",",,N",,,,,,,,,,
"US1CODN0089","2005-10-31","39.7504","-105.0015","1595.9","DENVER 3.6 WSW, CO US","   13",",,N","    0",",,N",,,,,,,,,,
"US1CODN0089","2005-11-01","39.7504","-105.0015","1595.9","DENVER 3.6 WSW, CO US","    0",",,N","    0",",,N",,,,,,,,,,
"US1CODN0089","2005-11-05","39.7504","-105.0015","1595.9","DENVER 3.6 WSW, CO US","   58",",,N","    0",",,N",,,,,,,,,,
"US1CODN0089","2005-11-15","39.7504","-105.0015","1595.9","DENVER 3.6 WSW, CO US","   18",",,N","    8",",,N","   13",",,N",,,,,"    0",",,N","    0",",,N"
"US1CODN0089","2005-12-03","39.7504","-105.0015","1595.9","DENVER 3.6 WSW, CO US","   48",",,N","   41",",,N","   38",",,N",,,,,"   48",",,N",,
"US1CODN0089","2005-12-04","39.7504","-105.0015","1595.9","DENVER 3.6 WSW, CO US","    0",",,N","    0",",,N","   25",",,N",,,,,,,,
"US1CODN0089","2005-12-05","39.7504","-105.0015","1595.9","DENVER 3.6 WSW, CO US","    0",",,N","    0",",,N","   13",",,N",,,,,,,,
"US1CODN0089","2005-12-06","39.7504","-105.0015","1595.9","DENVER 3.6 WSW, CO US","    0",",,N","    0",",,N","    0","T,,N",,,,,,,,
"US1CODN0089","2005-12-07","39.7504","-105.0015","1595.9","DENVER 3.6 WSW, CO US","   76",",,N","   64",",,N","   64",",,N",,,,,"   76",",,N","   76",",,N"
"US1CODN0089","2005-12-08","39.7504","-105.0015","1595.9","DENVER 3.6 WSW, CO US","    0",",,N","    0",",,N","   51",",,N",,,,,,,,
"US1CODN0089","2005-12-18","39.7504","-105.0015","1595.9","DENVER 3.6 WSW, CO US","    0","T,,N","    5",",,N","    5",",,N",,,,,,,,
"US1CODN0089","2006-01-16","39.7504","-105.0015","1595.9","DENVER 3.6 WSW, CO US",,,"    0","T,,N",,,,,,,,,,
"US1CODN0089","2006-02-10","39.7504","-105.0015","1595.9","DENVER 3.6 WSW, CO US",,,"   64",",,N",,,,,,,,,,
"US1CODN0089","2006-02-11","39.7504","-105.0015","1595.9","DENVER 3.6 WSW, CO US",,,"    0",",,N","   38",",,N",,,,,,,,
"US1CODN0089","2006-02-12","39.7504","-105.0015","1595.9","DENVER 3.6 WSW, CO US",,,"    0",",,N","    0",",,N",,,,,,,,
"US1CODN0089","2006-02-16","39.7504","-105.0015","1595.9","DENVER 3.6 WSW, CO US",,,"   38",",,N","   38",",,N",,,,,,,,
"US1CODN0089","2006-02-17","39.7504","-105.0015","1595.9","DENVER 3.6 WSW, CO US","    0",",,N","    0",",,N","   38",",,N",,,,,,,,
"US1CODN0089","2006-03-08","39.7504","-105.0015","1595.9","DENVER 3.6 WSW, CO US","    0",",,N","    0",",,N",,,,,,,,,,
"US1CODN0089","2006-03-09","39.7504","-105.0015","1595.9","DENVER 3.6 WSW, CO US",,,"   38",",,N",,,,,,,,,,
"US1CODN0089","2006-03-10","39.7504","-105.0015","1595.9","DENVER 3.6 WSW, CO US","    0",",,N","    0",",,N",,,,,,,,,,
"US1CODN0089","2006-03-12","39.7504","-105.0015","1595.9","DENVER 3.6 WSW, CO US","    0",",,N","    0","T,,N",,,,,,,,,,
"US1CODN0089","2006-03-13","39.7504","-105.0015","1595.9","DENVER 3.6 WSW, CO US",,,"   64",",,N","   64",",,N",,,,,,,,
"US1CODN0089","2006-03-19","39.7504","-105.0015","1595.9","DENVER 3.6 WSW, CO US",,,"    0","T,,N",,,,,,,,,,
"US1CODN0089","2006-03-20","39.7504","-105.0015","1595.9","DENVER 3.6 WSW, CO US",,,"   51",",,N","   51",",,N",,,,,,,,
"US1CODN0089","2006-03-21","39.7504","-105.0015","1595.9","DENVER 3.6 WSW, CO US",,,"   13",",,N","   64",",,N",,,,,,,,
"US1CODN0089","2006-04-24","39.7504","-105.0015","1595.9","DENVER 3.6 WSW, CO US","   51",",,N","    0",",,N",,,,,,,,,,
"US1CODN0089","2006-04-25","39.7504","-105.0015","1595.9","DENVER 3.6 WSW, CO US","    5",",,N","    0","T,,N",,,,,,,,,,
"US1CODN0089","2006-05-01","39.7504","-105.0015","1595.9","DENVER 3.6 WSW, CO US","   33",",,N","    0",",,N",,,,,,,,,,
"US1CODN0089","2006-05-02","39.7504","-105.0015","1595.9","DENVER 3.6 WSW, CO US","    0",",,N","    0",",,N",,,,,,,,,,
"US1CODN0089","2006-05-04","39.7504","-105.0015","1595.9","DENVER 3.6 WSW, CO US","   18",",,N","    0",",,N",,,,,,,,,,
"US1CODN0089","2006-05-10","39.7504","-105.0015","1595.9","DENVER 3.6 WSW, CO US","   79",",,N","    0",",,N",,,,,,,,,,
"US1CODN0089","2006-07-03","39.7504","-105.0015","1595.9","DENVER 3.6 WSW, CO US","   66",",,N","    0",",,N",,,,,,,,,,
"US1CODN0089","2006-07-04","39.7504","-105.0015","1595.9","DENVER 3.6 WSW, CO US","  117",",,N","    0",",,N",,,,,,,,,,
"US1CODN0089","2006-07-08","39.7504","-105.0015","1595.9","DENVER 3.6 WSW, CO US","   84",",,N","    0",",,N",,,,,,,,,,
"US1CODN0089","2006-07-09","39.7504","-105.0015","1595.9","DENVER 3.6 WSW, CO US","  165",",,N","    0",",,N",,,,,,,,,,
"US1CODN0089","2006-07-10","39.7504","-105.0015","1595.9","DENVER 3.6 WSW, CO US","   69",",,N","    0",",,N",,,,,,,,,,
"US1CODN0089","2006-07-11","39.7504","-105.0015","1595.9","DENVER 3.6 WSW, CO US","    0",",,N","    0",",,N",,,,,,,,,,
"US1CODN0089","2006-08-06","39.7504","-105.0015","1595.9","DENVER 3.6 WSW, CO US","   15",",,N","    0",",,N",,,,,,,,,,
"US1CODN0089","2006-08-14","39.7504","-105.0015","1595.9","DENVER 3.6 WSW, CO US","   69",",,N","    0",",,N",,,,,,,,,,
"US1CODN0089","2006-08-15","39.7504","-105.0015","1595.9","DENVER 3.6 WSW, CO US","   18",",,N","    0",",,N",,,,,,,,,,
"US1CODN0089","2006-08-20","39.7504","-105.0015","1595.9","DENVER 3.6 WSW, CO US","  264",",,N","    0",",,N",,,,,,,,,,
"US1CODN0089","2006-08-26","39.7504","-105.0015","1595.9","DENVER 3.6 WSW, CO US","    3",",,N","    0",",,N",,,,,,,,,,
"US1CODN0089","2006-08-27","39.7504","-105.0015","1595.9","DENVER 3.6 WSW, CO US","   28",",,N","    0",",,N",,,,,,,,,,
"US1CODN0089","2006-09-02","39.7504","-105.0015","1595.9","DENVER 3.6 WSW, CO US","   33",",,N","    0",",,N",,,,,,,,,,
"US1CODN0089","2006-10-09","39.7504","-105.0015","1595.9","DENVER 3.6 WSW, CO US","    5",",,N","    0","T,,N",,,,,,,,,,
"US1CODN0089","2006-10-10","39.7504","-105.0015","1595.9","DENVER 3.6 WSW, CO US","  102",",L,N","    0",",,N",,,,,,,,,,
"US1CODN0089","2006-10-18","39.7504","-105.0015","1595.9","DENVER 3.6 WSW, CO US",,,,,,,"    9",",L,N","  180",",L,N",,,,
"US1CODN0089","2006-10-21","39.7504","-105.0015","1595.9","DENVER 3.6 WSW, CO US","   28",",,N","   43",",,N","   38",",,N",,,,,,,,
"US1CODN0089","2006-10-22","39.7504","-105.0015","1595.9","DENVER 3.6 WSW, CO US","    0",",,N","    0",",,N",,,,,,,"   74",",,N",,
"US1CODN0089","2006-10-26","39.7504","-105.0015","1595.9","DENVER 3.6 WSW, CO US","   89",",,N","   25",",,N","   25",",,N",,,,,,,,
"US1CODN0089","2006-10-27","39.7504","-105.0015","1595.9","DENVER 3.6 WSW, CO US",,,"    0",",,N","   51",",,N",,,,,"  191",",,N",,
"US1CODN0089","2006-10-28","39.7504","-105.0015","1595.9","DENVER 3.6 WSW, CO US","    0",",,N","    0",",,N","    0",",,N",,,,,"   53",",,N",,
"US1CODN0089","2006-11-01","39.7504","-105.0015","1595.9","DENVER 3.6 WSW, CO US","    0",",,N","    0",",,N",,,,,,,,,,
"US1CODN0089","2006-11-02","39.7504","-105.0015","1595.9","DENVER 3.6 WSW, CO US","    0",",,N","    0",",,N",,,,,,,,,,
"US1CODN0089","2006-11-03","39.7504","-105.0015","1595.9","DENVER 3.6 WSW, CO US","    0",",,N","    0",",,N",,,,,,,,,,
"US1CODN0089","2006-11-04","39.7504","-105.0015","1595.9","DENVER 3.6 WSW, CO US","    0",",,N","    0",",,N",,,,,,,,,,
"US1CODN0089","2006-11-05","39.7504","-105.0015","1595.9","DENVER 3.6 WSW, CO US","    0",",,N","    0",",,N",,,,,,,,,,
"US1CODN0089","2006-11-06","39.7504","-105.0015","1595.9","DENVER 3.6 WSW, CO US","    0",",,N","    0",",,N",,,,,,,,,,
"US1CODN0089","2006-11-29","39.7504","-105.0015","1595.9","DENVER 3.6 WSW, CO US",,,"   81",",,N","   76",",,N",,,,,,,,
"US1CODN0089","2006-11-30","39.7504","-105.0015","1595.9","DENVER 3.6 WSW, CO US",,,"   13",",,N","  102",",,N",,,,,,,,
"US1CODN0089","2006-12-02","39.7504","-105.0015","1595.9","DENVER 3.6 WSW, CO US",,,"   18",",,N","   76",",,N",,,,,,,,
"US1CODN0089","2006-12-04","39.7504","-105.0015","1595.9","DENVER 3.6 WSW, CO US",,,"    0",",,N","   51",",,N",,,,,,,,
"US1CODN0089","2006-12-05","39.7504","-105.0015","1595.9","DENVER 3.6 WSW, CO US",,,"    0",",,N","    0",",,N",,,,,,,,
"US1CODN0089","2006-12-20","39.7504","-105.0015","1595.9","DENVER 3.6 WSW, CO US",,,"   13",",,N","   13",",,N",,,,,,,,
"US1CODN0089","2006-12-21","39.7504","-105.0015","1595.9","DENVER 3.6 WSW, CO US",,,"  546",",,N","  559",",,N",,,,,,,,
"US1CODN0089","2006-12-22","39.7504","-105.0015","1595.9","DENVER 3.6 WSW, CO US",,,"   51",",,N","  457",",,N",,,,,,,,
"US1CODN0089","2006-12-29","39.7504","-105.0015","1595.9","DENVER 3.6 WSW, CO US",,,"  178",",,N","  279",",,N",,,,,,,,
"US1CODN0089","2006-12-30","39.7504","-105.0015","1595.9","DENVER 3.6 WSW, CO US",,,"   25",",,N","  305",",,N",,,,,,,,
"US1CODN0089","2007-01-05","39.7504","-105.0015","1595.9","DENVER 3.6 WSW, CO US",,,"   76",",,N",,,,,,,,,,
"US1CODN0089","2007-01-06","39.7504","-105.0015","1595.9","DENVER 3.6 WSW, CO US",,,"   51",",,N","  127",",,N",,,,,,,,
"US1CODN0089","2007-01-12","39.7504","-105.0015","1595.9","DENVER 3.6 WSW, CO US",,,"   25",",,N","   25",",,N",,,,,,,,
"US1CODN0089","2007-01-13","39.7504","-105.0015","1595.9","DENVER 3.6 WSW, CO US",,,"    0","T,,N","   25",",,N",,,,,,,,
"US1CODN0089","2007-01-14","39.7504","-105.0015","1595.9","DENVER 3.6 WSW, CO US",,,"   13",",,N","   38",",,N",,,,,,,,
"US1CODN0089","2007-01-15","39.7504","-105.0015","1595.9","DENVER 3.6 WSW, CO US",,,"   13",",,N","   51",",,N",,,,,,,,
"US1CODN0089","2007-01-16","39.7504","-105.0015","1595.9","DENVER 3.6 WSW, CO US",,,"    0","T,,N","   38",",,N",,,,,,,,
"US1CODN0089","2007-01-27","39.7504","-105.0015","1595.9","DENVER 3.6 WSW, CO US",,,"   28",",,N","   25",",,N",,,,,,,,
"US1CODN0089","2007-02-02","39.7504","-105.0015","1595.9","DENVER 3.6 WSW, CO US",,,"   43",",,N","   38",",,N",,,,,,,,
"US1CODN0089","2007-02-13","39.7504","-105.0015","1595.9","DENVER 3.6 WSW, CO US",,,"    0","T,,N",,,,,,,,,,
"US1CODN0089","2007-02-14","39.7504","-105.0015","1595.9","DENVER 3.6 WSW, CO US",,,"   30",",,N","   25",",,N",,,,,,,,
"US1CODN0089","2007-02-17","39.7504","-105.0015","1595.9","DENVER 3.6 WSW, CO US",,,"    0","T,,N","    0","T,,N",,,,,,,,
"US1CODN0089","2007-02-28","39.7504","-105.0015","1595.9","DENVER 3.6 WSW, CO US",,,"    0","T,,N","    0","T,,N",,,,,,,,
"US1CODN0089","2007-03-01","39.7504","-105.0015","1595.9","DENVER 3.6 WSW, CO US",,,"   94",",,N","  102",",,N",,,,,,,,
"US1CODN0089","2007-03-02","39.7504","-105.0015","1595.9","DENVER 3.6 WSW, CO US",,,"    0","T,,N","   25",",,N",,,,,,,,
"US1CODN0089","2007-03-29","39.7504","-105.0015","1595.9","DENVER 3.6 WSW, CO US",,,"  165",",,N","  165",",,N",,,,,,,,
"US1CODN0089","2007-03-30","39.7504","-105.0015","1595.9","DENVER 3.6 WSW, CO US",,,"   51",",,N","  102",",,N",,,,,,,,
"US1CODN0089","2007-04-07","39.7504","-105.0015","1595.9","DENVER 3.6 WSW, CO US",,,"    0","T,,N","    0","T,,N",,,,,,,,
"US1CODN0089","2007-04-08","39.7504","-105.0015","1595.9","DENVER 3.6 WSW, CO US",,,,,"   25",",,N",,,,,,,,
"US1CODN0089","2007-04-13","39.7504","-105.0015","1595.9","DENVER 3.6 WSW, CO US","    0",",,N","    0",",,N",,,,,,,,,,
"US1CODN0089","2007-07-28","39.7504","-105.0015","1595.9","DENVER 3.6 WSW, CO US","  394",",,N","    0",",,N",,,,,,,,,,
"US1CODN0089","2007-08-03","39.7504","-105.0015","1595.9","DENVER 3.6 WSW, CO US","  102",",,N","    0",",,N",,,,,,,,,,
"US1CODN0089","2007-08-24","39.7504","-105.0015","1595.9","DENVER 3.6 WSW, CO US","  150",",,N","    0",",,N",,,,,,,,,,
"US1CODN0089","2007-09-06","39.7504","-105.0015","1595.9","DENVER 3.6 WSW, CO US","   20",",,N","    0",",,N",,,,,,,,,,
"US1CODN0089","2007-09-10","39.7504","-105.0015","1595.9","DENVER 3.6 WSW, CO US","   10",",,N","    0",",,N",,,,,,,,,,
"US1CODN0089","2007-10-14","39.7504","-105.0015","1595.9","DENVER 3.6 WSW, CO US","   74",",,N","    0",",,N",,,,,,,,,,
"US1CODN0089","2007-10-15","39.7504","-105.0015","1595.9","DENVER 3.6 WSW, CO US","  109",",,N","    0",",,N",,,,,,,,,,
"US1CODN0089","2007-10-21","39.7504","-105.0015","1595.9","DENVER 3.6 WSW, CO US","   53",",,N","    0",",,N",,,,,,,,,,
"US1CODN0089","2007-10-22","39.7504","-105.0015","1595.9","DENVER 3.6 WSW, CO US","  104",",,N","    0",",,N",,,,,,,,,,
"US1CODN0089","2007-11-21","39.7504","-105.0015","1595.9","DENVER 3.6 WSW, CO US",,,"   51",",,N","   51",",,N",,,,,,,,
"US1CODN0089","2007-11-28","39.7504","-105.0015","1595.9","DENVER 3.6 WSW, CO US",,,"   38",",,N","   38",",,N",,,,,,,,
"US1CODN0089","2007-12-08","39.7504","-105.0015","1595.9","DENVER 3.6 WSW, CO US",,,"   20",",,N",,,,,,,,,,
"US1CODN0089","2007-12-09","39.7504","-105.0015","1595.9","DENVER 3.6 WSW, CO US",,,"   94",",,N","  114",",,N",,,,,,,,
"US1CODN0089","2007-12-10","39.7504","-105.0015","1595.9","DENVER 3.6 WSW, CO US",,,"    0","T,,N","   89",",,N",,,,,,,,
"US1CODN0089","2007-12-12","39.7504","-105.0015","1595.9","DENVER 3.6 WSW, CO US",,,,,"  114",",,N",,,,,,,,
"US1CODN0089","2007-12-13","39.7504","-105.0015","1595.9","DENVER 3.6 WSW, CO US",,,"    0",",,N","   64",",,N",,,,,,,,
"US1CODN0089","2007-12-14","39.7504","-105.0015","1595.9","DENVER 3.6 WSW, CO US",,,"    0","T,,N","   51",",,N",,,,,,,,
"US1CODN0089","2007-12-22","39.7504","-105.0015","1595.9","DENVER 3.6 WSW, CO US",,,"   13",",,N","   13",",,N",,,,,,,,
"US1CODN0089","2007-12-25","39.7504","-105.0015","1595.9","DENVER 3.6 WSW, CO US",,,"   64",",,N","   64",",,N",,,,,,,,
"US1CODN0089","2007-12-26","39.7504","-105.0015","1595.9","DENVER 3.6 WSW, CO US",,,"   66",",,N","  127",",,N",,,,,,,,
"US1CODN0089","2007-12-27","39.7504","-105.0015","1595.9","DENVER 3.6 WSW, CO US",,,"   33",",,N","  140",",,N",,,,,,,,
"US1CODN0089","2007-12-28","39.7504","-105.0015","1595.9","DENVER 3.6 WSW, CO US",,,,,"  140",",,N",,,,,,,,
"US1CODN0089","2008-01-08","39.7504","-105.0015","1595.9","DENVER 3.6 WSW, CO US",,,"   25",",,N","   25",",,N",,,,,,,,
"US1CODN0089","2008-01-19","39.7504","-105.0015","1595.9","DENVER 3.6 WSW, CO US",,,"   41",",,N","   38",",,N",,,,,,,,
"US1CODN0089","2008-01-21","39.7504","-105.0015","1595.9","DENVER 3.6 WSW, CO US",,,"   25",",,N","   25",",,N",,,,,,,,
"US1CODN0089","2008-01-31","39.7504","-105.0015","1595.9","DENVER 3.6 WSW, CO US",,,"   81",",,N",,,,,,,,,,
"US1CODN0089","2008-02-02","39.7504","-105.0015","1595.9","DENVER 3.6 WSW, CO US",,,"    5",",,N",,,,,,,,,,
"US1CODN0089","2008-02-05","39.7504","-105.0015","1595.9","DENVER 3.6 WSW, CO US",,,"   89",",,N",,,,,,,,,,
"US1CODN0089","2008-02-14","39.7504","-105.0015","1595.9","DENVER 3.6 WSW, CO US",,,"   51",",,N",,,,,,,,,,
"US1CODN0089","2008-02-26","39.7504","-105.0015","1595.9","DENVER 3.6 WSW, CO US",,,"   15",",,N","   13",",,N",,,,,,,,
"US1CODN0089","2008-03-02","39.7504","-105.0015","1595.9","DENVER 3.6 WSW, CO US",,,"   41",",,N","   38",",,N",,,,,,,,
"US1CODN0089","2008-03-03","39.7504","-105.0015","1595.9","DENVER 3.6 WSW, CO US",,,"   25",",,N","   64",",,N",,,,,,,,
"US1CODN0089","2008-03-17","39.7504","-105.0015","1595.9","DENVER 3.6 WSW, CO US",,,"   25",",,N","   25",",,N",,,,,,,,
"US1CODN0089","2008-03-23","39.7504","-105.0015","1595.9","DENVER 3.6 WSW, CO US",,,"   25",",,N","   25",",,N",,,,,,,,
"US1CODN0089","2008-04-10","39.7504","-105.0015","1595.9","DENVER 3.6 WSW, CO US",,,"   25",",,N","   25",",,N",,,,,,,,
"US1CODN0089","2008-05-13","39.7504","-105.0015","1595.9","DENVER 3.6 WSW, CO US",,,"    0","T,,N","    0","T,,N",,,,,,,,
"US1CODN0089","2008-11-14","39.7504","-105.0015","1595.9","DENVER 3.6 WSW, CO US",,,"   23",",,N","   25",",,N",,,,,,,,
"US1CODN0089","2008-11-29","39.7504","-105.0015","1595.9","DENVER 3.6 WSW, CO US",,,"   33",",,N","   38",",,N",,,,,,,,
"US1CODN0089","2008-11-30","39.7504","-105.0015","1595.9","DENVER 3.6 WSW, CO US",,,"    0","T,,N",,,,,,,,,,
"US1CODN0089","2008-12-01","39.7504","-105.0015","1595.9","DENVER 3.6 WSW, CO US",,,"   25",",,N","   25",",,N",,,,,,,,
"US1CODN0089","2008-12-09","39.7504","-105.0015","1595.9","DENVER 3.6 WSW, CO US",,,"  117",",,N","  114",",,N",,,,,,,,
"US1CODN0089","2008-12-10","39.7504","-105.0015","1595.9","DENVER 3.6 WSW, CO US",,,"    0",",,N","   64",",,N",,,,,,,,
"US1CODN0089","2008-12-11","39.7504","-105.0015","1595.9","DENVER 3.6 WSW, CO US",,,"    0",",,N","    0","T,,N",,,,,,,,
"US1CODN0089","2008-12-14","39.7504","-105.0015","1595.9","DENVER 3.6 WSW, CO US",,,"   56",",,N","   51",",,N",,,,,,,,
"US1CODN0089","2008-12-15","39.7504","-105.0015","1595.9","DENVER 3.6 WSW, CO US",,,"   13",",,N","   51",",,N",,,,,,,,
"US1CODN0089","2008-12-16","39.7504","-105.0015","1595.9","DENVER 3.6 WSW, CO US",,,"    0",",,N","   51",",,N",,,,,,,,
"US1CODN0089","2008-12-17","39.7504","-105.0015","1595.9","DENVER 3.6 WSW, CO US","    0",",,N","    0",",,N","   25",",,N",,,,,,,,
"US1CODN0089","2008-12-18","39.7504","-105.0015","1595.9","DENVER 3.6 WSW, CO US","    0",",,N","    0",",,N","    0","T,,N",,,,,,,,
"US1CODN0089","2009-01-04","39.7504","-105.0015","1595.9","DENVER 3.6 WSW, CO US",,,"   13",",,N","   13",",,N",,,,,,,,
"US1CODN0089","2009-01-12","39.7504","-105.0015","1595.9","DENVER 3.6 WSW, CO US",,,"  102",",,N","  102",",,N",,,,,,,,
"US1CODN0089","2009-01-13","39.7504","-105.0015","1595.9","DENVER 3.6 WSW, CO US",,,"   25",",,N","   89",",,N",,,,,,,,
"US1CODN0089","2009-01-14","39.7504","-105.0015","1595.9","DENVER 3.6 WSW, CO US",,,,,"    0","T,,N",,,,,,,,
"US1CODN0089","2009-01-24","39.7504","-105.0015","1595.9","DENVER 3.6 WSW, CO US",,,"    0","T,,N","    0","T,,N",,,,,,,,
"US1CODN0089","2009-01-25","39.7504","-105.0015","1595.9","DENVER 3.6 WSW, CO US",,,"    0","T,,N","    0","T,,N",,,,,,,,
"US1CODN0089","2009-01-26","39.7504","-105.0015","1595.9","DENVER 3.6 WSW, CO US",,,"   20",",,N","   25",",,N",,,,,,,,
"US1CODN0089","2009-01-27","39.7504","-105.0015","1595.9","DENVER 3.6 WSW, CO US",,,"   76",",,N","   76",",,N",,,,,,,,
"US1CODN0089","2009-01-28","39.7504","-105.0015","1595.9","DENVER 3.6 WSW, CO US",,,"    0",",,N","   38",",,N",,,,,,,,
"US1CODN0089","2009-02-11","39.7504","-105.0015","1595.9","DENVER 3.6 WSW, CO US",,,"   20",",,N","   25",",,N",,,,,,,,
"US1CODN0089","2009-02-21","39.7504","-105.0015","1595.9","DENVER 3.6 WSW, CO US",,,"   38",",,N","   38",",,N",,,,,,,,
"US1CODN0089","2009-03-10","39.7504","-105.0015","1595.9","DENVER 3.6 WSW, CO US",,,"   20",",,N","   25",",,N",,,,,,,,
"US1CODN0089","2009-03-13","39.7504","-105.0015","1595.9","DENVER 3.6 WSW, CO US","    0",",,N","    0",",,N","    0",",,N",,,,,,,,
"US1CODN0089","2009-03-26","39.7504","-105.0015","1595.9","DENVER 3.6 WSW, CO US",,,"    0","T,,N","    0","T,,N",,,,,,,,
"US1CODN0089","2009-03-27","39.7504","-105.0015","1595.9","DENVER 3.6 WSW, CO US",,,"  254",",,N","  254",",,N",,,,,,,,
"US1CODN0089","2009-03-28","39.7504","-105.0015","1595.9","DENVER 3.6 WSW, CO US",,,,,"  152",",,N",,,,,,,,
"US1CODN0089","2009-03-30","39.7504","-105.0015","1595.9","DENVER 3.6 WSW, CO US",,,"   38",",,N","   38",",,N",,,,,,,,
"US1CODN0089","2009-04-02","39.7504","-105.0015","1595.9","DENVER 3.6 WSW, CO US",,,"   13",",,N","   13",",,N",,,,,,,,
"US1CODN0089","2009-04-04","39.7504","-105.0015","1595.9","DENVER 3.6 WSW, CO US",,,"   13",",,N","   13",",,N",,,,,,,,
"US1CODN0089","2009-04-05","39.7504","-105.0015","1595.9","DENVER 3.6 WSW, CO US",,,"   13",",,N","   13",",,N",,,,,,,,
"US1CODN0089","2009-04-06","39.7504","-105.0015","1595.9","DENVER 3.6 WSW, CO US",,,"    5",",,N","   18",",,N",,,,,,,,
"US1CODN0089","2009-04-27","39.7504","-105.0015","1595.9","DENVER 3.6 WSW, CO US",,,"   51",",,N","   51",",,N",,,,,,,,
"US1CODN0089","2009-10-28","39.7504","-105.0015","1595.9","DENVER 3.6 WSW, CO US",,,"   38",",,N","   38",",,N",,,,,,,,
"US1CODN0089","2009-10-29","39.7504","-105.0015","1595.9","DENVER 3.6 WSW, CO US",,,"  330",",,N","  368",",,N",,,,,,,,
"US1CODN0089","2009-10-30","39.7504","-105.0015","1595.9","DENVER 3.6 WSW, CO US","    0",",,N","    0",",,N","  305",",,N",,,,,,,,
"US1CODN0089","2009-10-31","39.7504","-105.0015","1595.9","DENVER 3.6 WSW, CO US","    0",",,N","    0",",,N","  102",",,N",,,,,,,,
"US1CODN0089","2009-11-14","39.7504","-105.0015","1595.9","DENVER 3.6 WSW, CO US",,,"    0","T,,N","    0","T,,N",,,,,,,,
"US1CODN0089","2009-11-15","39.7504","-105.0015","1595.9","DENVER 3.6 WSW, CO US",,,"  152",",,N","  152",",,N",,,,,,,,
"US1CODN0089","2009-11-16","39.7504","-105.0015","1595.9","DENVER 3.6 WSW, CO US",,,,,"  127",",,N",,,,,,,,
"US1CODN0089","2009-12-02","39.7504","-105.0015","1595.9","DENVER 3.6 WSW, CO US",,,"   38",",,N","   38",",,N",,,,,,,,
"US1CODN0089","2009-12-03","39.7504","-105.0015","1595.9","DENVER 3.6 WSW, CO US",,,"    5",",,N","   43",",,N",,,,,,,,
"US1CODN0089","2009-12-04","39.7504","-105.0015","1595.9","DENVER 3.6 WSW, CO US",,,,,"   30",",,N",,,,,,,,
"US1CODN0089","2009-12-06","39.7504","-105.0015","1595.9","DENVER 3.6 WSW, CO US",,,"   13",",,N","   13",",,N",,,,,,,,
"US1CODN0089","2009-12-08","39.7504","-105.0015","1595.9","DENVER 3.6 WSW, CO US",,,,,"   30",",,N",,,,,,,,
"US1CODN0089","2009-12-09","39.7504","-105.0015","1595.9","DENVER 3.6 WSW, CO US",,,"   20",",,N","   51",",,N",,,,,,,,
"US1CODN0089","2009-12-10","39.7504","-105.0015","1595.9","DENVER 3.6 WSW, CO US",,,"    0",",,N","   46",",,N",,,,,,,,
"US1CODN0089","2009-12-23","39.7504","-105.0015","1595.9","DENVER 3.6 WSW, CO US",,,"   28",",,N","   28",",,N",,,,,,,,
"US1CODN0089","2009-12-24","39.7504","-105.0015","1595.9","DENVER 3.6 WSW, CO US",,,"  152",",,N","  178",",,N",,,,,,,,
"US1CODN0089","2009-12-25","39.7504","-105.0015","1595.9","DENVER 3.6 WSW, CO US",,,,,"  127",",,N",,,,,,,,
"US1CODN0089","2009-12-26","39.7504","-105.0015","1595.9","DENVER 3.6 WSW, CO US",,,"    0","T,,N","  114",",,N",,,,,,,,
"US1CODN0089","2009-12-27","39.7504","-105.0015","1595.9","DENVER 3.6 WSW, CO US",,,"    0","T,,N","  114",",,N",,,,,,,,
"US1CODN0089","2009-12-28","39.7504","-105.0015","1595.9","DENVER 3.6 WSW, CO US",,,"    0",",,N","   76",",,N",,,,,,,,
"US1CODN0089","2010-01-07","39.7504","-105.0015","1595.9","DENVER 3.6 WSW, CO US",,,"   56",",,N","   51",",,N",,,,,,,,
"US1CODN0089","2010-01-28","39.7504","-105.0015","1595.9","DENVER 3.6 WSW, CO US",,,"    3",",,N","    0",",,N",,,,,,,,
"US1CODN0089","2010-02-14","39.7504","-105.0015","1595.9","DENVER 3.6 WSW, CO US",,,"   76",",,N","   76",",,N",,,,,,,,
"US1CODN0089","2010-02-15","39.7504","-105.0015","1595.9","DENVER 3.6 WSW, CO US",,,"    0","T,,N","    0","T,,N",,,,,,,,
"US1CODN0089","2010-02-19","39.7504","-105.0015","1595.9","DENVER 3.6 WSW, CO US",,,"   43",",,N","   43",",,N",,,,,,,,
"US1CODN0089","2010-02-20","39.7504","-105.0015","1595.9","DENVER 3.6 WSW, CO US",,,"    8",",,N","   51",",,N",,,,,,,,
"US1CODN0089","2010-02-21","39.7504","-105.0015","1595.9","DENVER 3.6 WSW, CO US",,,"   38",",,N","   89",",,N",,,,,,,,
"US1CODN0089","2010-02-22","39.7504","-105.0015","1595.9","DENVER 3.6 WSW, CO US",,,"   18",",,N","  107",",,N",,,,,,,,
"US1CODN0089","2010-02-23","39.7504","-105.0015","1595.9","DENVER 3.6 WSW, CO US","    0",",,N","    0",",,N","   51",",,N",,,,,,,,
"US1CODN0089","2010-02-24","39.7504","-105.0015","1595.9","DENVER 3.6 WSW, CO US","    0",",,N","    0",",,N","    0","T,,N",,,,,,,,
"US1CODN0089","2010-02-25","39.7504","-105.0015","1595.9","DENVER 3.6 WSW, CO US","    0",",,N","    0",",,N","    0","T,,N",,,,,,,,
"US1CODN0089","2010-03-01","39.7504","-105.0015","1595.9","DENVER 3.6 WSW, CO US",,,"    5",",,N","    5",",,N",,,,,,,,
"US1CODN0089","2010-03-15","39.7504","-105.0015","1595.9","DENVER 3.6 WSW, CO US",,,"    0","T,,N","    0","T,,N",,,,,,,,
"US1CODN0089","2010-03-24","39.7504","-105.0015","1595.9","DENVER 3.6 WSW, CO US",,,"  178",",,N","  178",",,N",,,,,,,,
"US1CODN0089","2010-04-07","39.7504","-105.0015","1595.9","DENVER 3.6 WSW, CO US",,,"   64",",,N","   64",",,N",,,,,,,,
"US1CODN0089","2010-04-26","39.7504","-105.0015","1595.9","DENVER 3.6 WSW, CO US",,,"    0","T,,N","    0","T,,N",,,,,,,,
"US1CODN0089","2010-05-12","39.7504","-105.0015","1595.9","DENVER 3.6 WSW, CO US",,,"   25",",,N","   25",",,N",,,,,,,,
"US1CODN0089","2010-11-11","39.7504","-105.0015","1595.9","DENVER 3.6 WSW, CO US",,,"    8",",,N","   13",",,N",,,,,,,,
"US1CODN0089","2010-11-12","39.7504","-105.0015","1595.9","DENVER 3.6 WSW, CO US","    0",",,N","    0",",,N","    0",",,N",,,,,,,,
"US1CODN0089","2010-11-15","39.7504","-105.0015","1595.9","DENVER 3.6 WSW, CO US",,,"    0","T,,N","    0","T,,N",,,,,,,,
"US1CODN0089","2010-11-22","39.7504","-105.0015","1595.9","DENVER 3.6 WSW, CO US",,,"    0","T,,N","    0","T,,N",,,,,,,,
"US1CODN0089","2010-11-29","39.7504","-105.0015","1595.9","DENVER 3.6 WSW, CO US",,,"   18",",,N","   13",",,N",,,,,,,,
"US1CODN0089","2010-12-31","39.7504","-105.0015","1595.9","DENVER 3.6 WSW, CO US",,,"   91",",,N","   89",",,N",,,,,,,,
"US1CODN0089","2011-01-01","39.7504","-105.0015","1595.9","DENVER 3.6 WSW, CO US",,,,,"   76",",,N",,,,,,,,
"US1CODN0089","2011-01-02","39.7504","-105.0015","1595.9","DENVER 3.6 WSW, CO US",,,"    0",",,N","   64",",,N",,,,,,,,
"US1CODN0089","2011-01-03","39.7504","-105.0015","1595.9","DENVER 3.6 WSW, CO US",,,"    0",",,N","   38",",,N",,,,,,,,
"US1CODN0089","2011-01-04","39.7504","-105.0015","1595.9","DENVER 3.6 WSW, CO US",,,"    0",",,N","   25",",,N",,,,,,,,
"US1CODN0089","2011-01-05","39.7504","-105.0015","1595.9","DENVER 3.6 WSW, CO US",,,,,"    0","T,,N",,,,,,,,
"US1CODN0089","2011-01-08","39.7504","-105.0015","1595.9","DENVER 3.6 WSW, CO US","    0",",,N","    0",",,N","    0",",,N",,,,,,,,
"US1CODN0089","2011-01-09","39.7504","-105.0015","1595.9","DENVER 3.6 WSW, CO US",,,"   15",",,N","   13",",,N",,,,,,,,
"US1CODN0089","2011-01-10","39.7504","-105.0015","1595.9","DENVER 3.6 WSW, CO US",,,"  152",",,N","  152",",,N",,,,,,,,
"US1CODN0089","2011-01-11","39.7504","-105.0015","1595.9","DENVER 3.6 WSW, CO US",,,"    0",",,N","  127",",,N",,,,,,,,
"US1CODN0089","2011-01-12","39.7504","-105.0015","1595.9","DENVER 3.6 WSW, CO US",,,,,"  102",",,N",,,,,,,,
"US1CODN0089","2011-01-13","39.7504","-105.0015","1595.9","DENVER 3.6 WSW, CO US","    0",",,N","    0",",,N","   89",",,N",,,,,,,,
"US1CODN0089","2011-01-21","39.7504","-105.0015","1595.9","DENVER 3.6 WSW, CO US","    0",",,N","    0",",,N","    0",",,N",,,,,,,,
"US1CODN0089","2011-01-26","39.7504","-105.0015","1595.9","DENVER 3.6 WSW, CO US","    0",",,N","    0",",,N","    0",",,N",,,,,,,,
"US1CODN0089","2011-01-31","39.7504","-105.0015","1595.9","DENVER 3.6 WSW, CO US",,,"    0","T,,N","    0","T,,N",,,,,,,,
"US1CODN0089","2011-02-01","39.7504","-105.0015","1595.9","DENVER 3.6 WSW, CO US",,,"   51",",,N","   51",",,N",,,,,,,,
"US1CODN0089","2011-02-02","39.7504","-105.0015","1595.9","DENVER 3.6 WSW, CO US",,,"   13",",,N","   51",",,N",,,,,,,,
"US1CODN0089","2011-02-03","39.7504","-105.0015","1595.9","DENVER 3.6 WSW, CO US",,,"    0",",,N","   38",",,N",,,,,,,,
"US1CODN0089","2011-02-04","39.7504","-105.0015","1595.9","DENVER 3.6 WSW, CO US",,,"   30",",,N","   76",",,N",,,,,,,,
"US1CODN0089","2011-02-06","39.7504","-105.0015","1595.9","DENVER 3.6 WSW, CO US",,,"  102",",,N","  114",",,N",,,,,,,,
"US1CODN0089","2011-02-07","39.7504","-105.0015","1595.9","DENVER 3.6 WSW, CO US",,,,,"   76",",,N",,,,,,,,
"US1CODN0089","2011-02-08","39.7504","-105.0015","1595.9","DENVER 3.6 WSW, CO US",,,"   81",",,N","  102",",,N",,,,,,,,
"US1CODN0089","2011-02-09","39.7504","-105.0015","1595.9","DENVER 3.6 WSW, CO US",,,"   18",",,N","  102",",,N",,,,,,,,
"US1CODN0089","2011-02-10","39.7504","-105.0015","1595.9","DENVER 3.6 WSW, CO US",,,"    0",",,N","  102",",,N",,,,,,,,
"US1CODN0089","2011-02-11","39.7504","-105.0015","1595.9","DENVER 3.6 WSW, CO US",,,"    0",",,N","   76",",,N",,,,,,,,
"US1CODN0089","2011-02-12","39.7504","-105.0015","1595.9","DENVER 3.6 WSW, CO US",,,,,"   38",",,N",,,,,,,,
"US1CODN0089","2011-02-13","39.7504","-105.0015","1595.9","DENVER 3.6 WSW, CO US","    0",",,N","    0",",,N","    0",",,N",,,,,,,,
"US1CODN0089","2011-03-07","39.7504","-105.0015","1595.9","DENVER 3.6 WSW, CO US",,,"    0","T,,N","    0","T,,N",,,,,,,,
"US1CODN0089","2011-03-08","39.7504","-105.0015","1595.9","DENVER 3.6 WSW, CO US",,,"    0","T,,N","    0","T,,N",,,,,,,,
"US1CODN0089","2011-03-28","39.7504","-105.0015","1595.9","DENVER 3.6 WSW, CO US",,,"    0","T,,N","    0","T,,N",,,,,,,,
"US1CODN0089","2011-04-04","39.7504","-105.0015","1595.9","DENVER 3.6 WSW, CO US",,,"    5",",,N",,,,,,,,,,
"US1CODN0089","2011-04-10","39.7504","-105.0015","1595.9","DENVER 3.6 WSW, CO US","    0",",,N","    0",",,N","    0",",,N",,,,,,,,
"US1CODN0089","2011-04-14","39.7504","-105.0015","1595.9","DENVER 3.6 WSW, CO US",,,"    5",",,N","    5",",,N",,,,,,,,
"US1CODN0089","2011-04-24","39.7504","-105.0015","1595.9","DENVER 3.6 WSW, CO US","    0",",,N","    0",",,N","    0",",,N",,,,,,,,
"US1CODN0089","2011-10-26","39.7504","-105.0015","1595.9","DENVER 3.6 WSW, CO US",,,"   76",",,N","   76",",,N",,,,,,,,
"US1CODN0089","2011-10-27","39.7504","-105.0015","1595.9","DENVER 3.6 WSW, CO US",,,"   76",",,N","  152",",,N",,,,,,,,
"US1CODN0089","2011-10-28","39.7504","-105.0015","1595.9","DENVER 3.6 WSW, CO US",,,"    0",",,N","   51",",,N",,,,,,,,
"US1CODN0089","2011-10-29","39.7504","-105.0015","1595.9","DENVER 3.6 WSW, CO US",,,"    0",",,N","    0","T,,N",,,,,,,,
"US1CODN0089","2011-11-02","39.7504","-105.0015","1595.9","DENVER 3.6 WSW, CO US",,,"  165",",,N","  165",",,N",,,,,,,,
"US1CODN0089","2011-11-03","39.7504","-105.0015","1595.9","DENVER 3.6 WSW, CO US",,,,,"  102",",,N",,,,,,,,
"US1CODN0089","2011-12-01","39.7504","-105.0015","1595.9","DENVER 3.6 WSW, CO US",,,"   76",",,N","   76",",,N",,,,,,,,
"US1CODN0089","2011-12-02","39.7504","-105.0015","1595.9","DENVER 3.6 WSW, CO US",,,"   38",",,N","  114",",,N",,,,,,,,
"US1CODN0089","2011-12-04","39.7504","-105.0015","1595.9","DENVER 3.6 WSW, CO US",,,"  114",",,N","  152",",,N",,,,,,,,
"US1CODN0089","2011-12-05","39.7504","-105.0015","1595.9","DENVER 3.6 WSW, CO US",,,,,"  127",",,N",,,,,,,,
"US1CODN0089","2011-12-06","39.7504","-105.0015","1595.9","DENVER 3.6 WSW, CO US",,,,,"  114",",,N",,,,,,,,
"US1CODN0089","2011-12-07","39.7504","-105.0015","1595.9","DENVER 3.6 WSW, CO US",,,"    0",",,N","  102",",,N",,,,,,,,
"US1CODN0089","2011-12-22","39.7504","-105.0015","1595.9","DENVER 3.6 WSW, CO US",,,"  203",",,N","  203",",,N",,,,,,,,
"US1CODN0089","2011-12-23","39.7504","-105.0015","1595.9","DENVER 3.6 WSW, CO US",,,"   38",",,N","  229",",,N",,,,,,,,
"US1CODN0089","2012-01-08","39.7504","-105.0015","1595.9","DENVER 3.6 WSW, CO US",,,"   20",",,N","   25",",,N",,,,,,,,
"US1CODN0089","2012-01-17","39.7504","-105.0015","1595.9","DENVER 3.6 WSW, CO US",,,"    5",",,N","    0",",,N",,,,,,,,
"US1CODN0089","2012-01-18","39.7504","-105.0015","1595.9","DENVER 3.6 WSW, CO US","    0",",,N","    0",",,N","    0",",,N",,,,,,,,
"US1CODN0089","2012-01-24","39.7504","-105.0015","1595.9","DENVER 3.6 WSW, CO US","    0",",,N","    0",",,N","    0",",,N",,,,,,,,
"US1CODN0089","2012-01-27","39.7504","-105.0015","1595.9","DENVER 3.6 WSW, CO US","    0",",,N","    0",",,N","    0",",,N",,,,,,,,
"US1CODN0089","2012-02-03","39.7504","-105.0015","1595.9","DENVER 3.6 WSW, CO US",,,"  257",",,N","  254",",,N",,,,,,,,
"US1CODN0089","2012-02-04","39.7504","-105.0015","1595.9","DENVER 3.6 WSW, CO US",,,"  152",",,N","  406",",,N",,,,,,,,
"US1CODN0089","2012-02-05","39.7504","-105.0015","1595.9","DENVER 3.6 WSW, CO US",,,"    0",",,N","  241",",,N",,,,,,,,
"US1CODN0089","2012-02-06","39.7504","-105.0015","1595.9","DENVER 3.6 WSW, CO US",,,"    0",",,N","  203",",,N",,,,,,,,
"US1CODN0089","2012-02-07","39.7504","-105.0015","1595.9","DENVER 3.6 WSW, CO US",,,"   89",",,N","  292",",,N",,,,,,,,
"US1CODN0089","2012-02-08","39.7504","-105.0015","1595.9","DENVER 3.6 WSW, CO US",,,,,"  267",",,N",,,,,,,,
"US1CODN0089","2012-02-09","39.7504","-105.0015","1595.9","DENVER 3.6 WSW, CO US",,,"    0",",,N","  203",",,N",,,,,,,,
"US1CODN0089","2012-02-10","39.7504","-105.0015","1595.9","DENVER 3.6 WSW, CO US",,,"    0",",,N","  140",",,N",,,,,,,,
"US1CODN0089","2012-02-11","39.7504","-105.0015","1595.9","DENVER 3.6 WSW, CO US",,,"   13",",,N","  114",",,N",,,,,,,,
"US1CODN0089","2012-02-12","39.7504","-105.0015","1595.9","DENVER 3.6 WSW, CO US",,,"    0",",,N","  102",",,N",,,,,,,,
"US1CODN0089","2012-02-13","39.7504","-105.0015","1595.9","DENVER 3.6 WSW, CO US",,,"    0",",,N","  102",",,N",,,,,,,,
"US1CODN0089","2012-02-14","39.7504","-105.0015","1595.9","DENVER 3.6 WSW, CO US",,,"    0",",,N","   51",",,N",,,,,,,,
"US1CODN0089","2012-02-15","39.7504","-105.0015","1595.9","DENVER 3.6 WSW, CO US",,,"    0",",,N","    0","T,,N",,,,,,,,
"US1CODN0089","2012-02-20","39.7504","-105.0015","1595.9","DENVER 3.6 WSW, CO US",,,"    0","T,,N",,,,,,,,,,
"US1CODN0089","2012-02-23","39.7504","-105.0015","1595.9","DENVER 3.6 WSW, CO US",,,"   91",",,N","   89",",,N",,,,,,,,
"US1CODN0089","2012-02-24","39.7504","-105.0015","1595.9","DENVER 3.6 WSW, CO US",,,"    0",",,N","   25",",,N",,,,,,,,
"US1CODN0089","2012-02-25","39.7504","-105.0015","1595.9","DENVER 3.6 WSW, CO US",,,,,"    0","T,,N",,,,,,,,
"US1CODN0089","2012-03-02","39.7504","-105.0015","1595.9","DENVER 3.6 WSW, CO US",,,"    5",",,N","    0",",,N",,,,,,,,
"US1CODN0089","2012-03-07","39.7504","-105.0015","1595.9","DENVER 3.6 WSW, CO US","    0",",,N","    0",",,N","    0",",,N",,,,,,,,
"US1CODN0089","2012-04-03","39.7504","-105.0015","1595.9","DENVER 3.6 WSW, CO US",,,"   30",",,N","   25",",,N",,,,,,,,
"US1CODN0089","2012-04-04","39.7504","-105.0015","1595.9","DENVER 3.6 WSW, CO US",,,"    0","T,,N","    0","T,,N",,,,,,,,
"US1CODN0089","2012-04-15","39.7504","-105.0015","1595.9","DENVER 3.6 WSW, CO US",,,"    0",",,N","    0",",,N",,,,,,,,
"US1CODN0089","2012-10-25","39.7504","-105.0015","1595.9","DENVER 3.6 WSW, CO US",,,"   64",",,N","   64",",,N",,,,,,,,
"US1CODN0089","2012-10-26","39.7504","-105.0015","1595.9","DENVER 3.6 WSW, CO US",,,"    0","T,,N","   38",",,N",,,,,,,,
"US1CODN0089","2012-11-11","39.7504","-105.0015","1595.9","DENVER 3.6 WSW, CO US",,,"   13",",,N","   13",",,N",,,,,,,,
"US1CODN0089","2012-12-09","39.7504","-105.0015","1595.9","DENVER 3.6 WSW, CO US",,,"    8",",,N","   13",",,N",,,,,,,,
"US1CODN0089","2012-12-10","39.7504","-105.0015","1595.9","DENVER 3.6 WSW, CO US","    0",",,N","    0",",,N",,,,,,,,,,
"US1CODN0089","2012-12-11","39.7504","-105.0015","1595.9","DENVER 3.6 WSW, CO US",,,"    5",",,N",,,,,,,,,,
"US1CODN0089","2012-12-19","39.7504","-105.0015","1595.9","DENVER 3.6 WSW, CO US",,,"   36",",,N","   38",",,N",,,,,,,,
"US1CODN0089","2012-12-25","39.7504","-105.0015","1595.9","DENVER 3.6 WSW, CO US",,,"   61",",,N","   64",",,N",,,,,,,,
"US1CODN0089","2013-01-12","39.7504","-105.0015","1595.9","DENVER 3.6 WSW, CO US",,,"    3",",,N","    0",",,N",,,,,,,,
"US1CODN0089","2013-01-29","39.7504","-105.0015","1595.9","DENVER 3.6 WSW, CO US",,,"   71",",,N","   76",",,N",,,,,,,,
"US1CODN0089","2013-01-30","39.7504","-105.0015","1595.9","DENVER 3.6 WSW, CO US",,,"    0",",,N","   38",",,N",,,,,,,,
"US1CODN0089","2013-02-01","39.7504","-105.0015","1595.9","DENVER 3.6 WSW, CO US","    0",",,N","    0",",,N","    0",",,N",,,,,,,,
"US1CODN0089","2013-02-15","39.7504","-105.0015","1595.9","DENVER 3.6 WSW, CO US",,,"    0","T,,N","    0","T,,N",,,,,,,,
"US1CODN0089","2013-02-21","39.7504","-105.0015","1595.9","DENVER 3.6 WSW, CO US",,,"  112",",,N","  114",",,N",,,,,,,,
"US1CODN0089","2013-02-22","39.7504","-105.0015","1595.9","DENVER 3.6 WSW, CO US",,,,,"  203",",,N",,,,,,,,
"US1CODN0089","2013-02-24","39.7504","-105.0015","1595.9","DENVER 3.6 WSW, CO US",,,"   58",",,N","   64",",,N",,,,,,,,
"US1CODN0089","2013-02-26","39.7504","-105.0015","1595.9","DENVER 3.6 WSW, CO US",,,"    0",",,N","   38",",,N",,,,,,,,
"US1CODN0089","2013-02-27","39.7504","-105.0015","1595.9","DENVER 3.6 WSW, CO US",,,"    8",",,N",,,,,,,,,,
"US1CODN0089","2013-03-04","39.7504","-105.0015","1595.9","DENVER 3.6 WSW, CO US",,,"    0","T,,N","    0",",,N",,,,,,,,
"US1CODN0089","2013-03-09","39.7504","-105.0015","1595.9","DENVER 3.6 WSW, CO US",,,"    0","T,,N",,,,,,,,,,
"US1CODN0089","2013-03-10","39.7504","-105.0015","1595.9","DENVER 3.6 WSW, CO US",,,"   33",",,N",,,,,,,,,,
"US1CODN0089","2013-03-12","39.7504","-105.0015","1595.9","DENVER 3.6 WSW, CO US",,,"   76",",,N","   76",",,N",,,,,,,,
"US1CODN0089","2013-03-13","39.7504","-105.0015","1595.9","DENVER 3.6 WSW, CO US",,,"    0",",,N","    0","T,,N",,,,,,,,
"US1CODN0089","2013-03-23","39.7504","-105.0015","1595.9","DENVER 3.6 WSW, CO US",,,"  191",",,N","  191",",,N",,,,,,,,
"US1CODN0089","2013-03-24","39.7504","-105.0015","1595.9","DENVER 3.6 WSW, CO US",,,"   38",",,N","  229",",,N",,,,,,,,
"US1CODN0089","2013-03-25","39.7504","-105.0015","1595.9","DENVER 3.6 WSW, CO US",,,"   38",",,N","  165",",,N",,,,,,,,
"US1CODN0089","2013-03-26","39.7504","-105.0015","1595.9","DENVER 3.6 WSW, CO US",,,"    0",",,N","   38",",,N",,,,,,,,
"US1CODN0089","2013-04-09","39.7504","-105.0015","1595.9","DENVER 3.6 WSW, CO US",,,"   64",",,N","   64",",,N",,,,,,,,
"US1CODN0089","2013-04-10","39.7504","-105.0015","1595.9","DENVER 3.6 WSW, CO US",,,,,"   64",",,N",,,,,,,,
"US1CODN0089","2013-04-11","39.7504","-105.0015","1595.9","DENVER 3.6 WSW, CO US",,,,,"    0","T,,N",,,,,,,,
"US1CODN0089","2013-04-15","39.7504","-105.0015","1595.9","DENVER 3.6 WSW, CO US",,,"    0","T,,N","    0","T,,N",,,,,,,,
"US1CODN0089","2013-04-16","39.7504","-105.0015","1595.9","DENVER 3.6 WSW, CO US",,,"  229",",,N","  229",",,N",,,,,,,,
"US1CODN0089","2013-04-17","39.7504","-105.0015","1595.9","DENVER 3.6 WSW, CO US",,,"    0",",,N","   51",",,N",,,,,,,,
"US1CODN0089","2013-04-19","39.7504","-105.0015","1595.9","DENVER 3.6 WSW, CO US",,,,,"    0","T,,N",,,,,,,,
"US1CODN0089","2013-04-23","39.7504","-105.0015","1595.9","DENVER 3.6 WSW, CO US",,,"   89",",,N","   89",",,N",,,,,,,,
"US1CODN0089","2013-04-24","39.7504","-105.0015","1595.9","DENVER 3.6 WSW, CO US",,,"    0",",,N","   38",",,N",,,,,,,,
"US1CODN0089","2013-05-01","39.7504","-105.0015","1595.9","DENVER 3.6 WSW, CO US",,,"   25",",,N","   25",",,N",,,,,,,,
"US1CODN0089","2013-05-02","39.7504","-105.0015","1595.9","DENVER 3.6 WSW, CO US",,,"   91",",,N","  114",",,N",,,,,,,,
"US1CODN0089","2013-08-04","39.7504","-105.0015","1595.9","DENVER 3.6 WSW, CO US","  264",",,N",,,,,,,,,,,,
"US1CODN0089","2013-09-16","39.7504","-105.0015","1595.9","DENVER 3.6 WSW, CO US",,,,,,,"    8",",,N"," 1039",",,N",,,,
"US1CODN0089","2013-09-23","39.7504","-105.0015","1595.9","DENVER 3.6 WSW, CO US","  305",",,N",,,,,,,,,,,,
"US1CODN0089","2013-10-18","39.7504","-105.0015","1595.9","DENVER 3.6 WSW, CO US",,,"   25",",,N","   25",",,N",,,,,,,,
"US1CODN0089","2013-11-21","39.7504","-105.0015","1595.9","DENVER 3.6 WSW, CO US",,,"   30",",,N","   25",",,N",,,,,,,,
"US1CODN0089","2013-11-22","39.7504","-105.0015","1595.9","DENVER 3.6 WSW, CO US",,,,,"   51",",,N",,,,,,,,
"US1CODN0089","2013-12-04","39.7504","-105.0015","1595.9","DENVER 3.6 WSW, CO US",,,"   23",",,N","   25",",,N",,,,,,,,
"US1CODN0089","2013-12-05","39.7504","-105.0015","1595.9","DENVER 3.6 WSW, CO US",,,,,"   76",",,N",,,,,,,,
"US1CODN0089","2013-12-07","39.7504","-105.0015","1595.9","DENVER 3.6 WSW, CO US",,,"   51",",,N",,,,,,,,,,
"US1CODN0089","2013-12-08","39.7504","-105.0015","1595.9","DENVER 3.6 WSW, CO US",,,,,"   51",",,N",,,,,,,,
"US1CODN0089","2013-12-09","39.7504","-105.0015","1595.9","DENVER 3.6 WSW, CO US",,,,,"   38",",,N",,,,,,,,
"US1CODN0089","2013-12-10","39.7504","-105.0015","1595.9","DENVER 3.6 WSW, CO US",,,,,"   25",",,N",,,,,,,,
"US1CODN0089","2013-12-12","39.7504","-105.0015","1595.9","DENVER 3.6 WSW, CO US",,,,,"    0","T,,N",,,,,,,,
"US1CODN0089","2013-12-22","39.7504","-105.0015","1595.9","DENVER 3.6 WSW, CO US",,,"    8",",,N","   13",",,N",,,,,,,,
"US1CODN0089","2013-12-23","39.7504","-105.0015","1595.9","DENVER 3.6 WSW, CO US",,,"    8",",,N","    8",",,N",,,,,,,,
"US1CODN0089","2013-12-29","39.7504","-105.0015","1595.9","DENVER 3.6 WSW, CO US",,,"   51",",,N","   51",",,N",,,,,,,,
"US1CODN0089","2014-01-05","39.7504","-105.0015","1595.9","DENVER 3.6 WSW, CO US",,,"   58",",,N","   64",",,N",,,,,,,,
"US1CODN0089","2014-01-06","39.7504","-105.0015","1595.9","DENVER 3.6 WSW, CO US",,,"    8",",,N","   76",",,N",,,,,,,,
"US1CODN0089","2014-01-07","39.7504","-105.0015","1595.9","DENVER 3.6 WSW, CO US",,,"    0",",,N","   51",",,N",,,,,,,,
"US1CODN0089","2014-01-23","39.7504","-105.0015","1595.9","DENVER 3.6 WSW, CO US",,,"   97",",,N","  102",",,N",,,,,,,,
"US1CODN0089","2014-01-24","39.7504","-105.0015","1595.9","DENVER 3.6 WSW, CO US",,,,,"   38",",,N",,,,,,,,
"US1CODN0089","2014-01-28","39.7504","-105.0015","1595.9","DENVER 3.6 WSW, CO US",,,"   41",",,N","   38",",,N",,,,,,,,
"US1CODN0089","2014-01-31","39.7504","-105.0015","1595.9","DENVER 3.6 WSW, CO US",,,"   41",",,N","   38",",,N",,,,,,,,
"US1CODN0089","2014-02-01","39.7504","-105.0015","1595.9","DENVER 3.6 WSW, CO US",,,"   30",",,N","   76",",,N",,,,,,,,
"US1CODN0089","2014-02-02","39.7504","-105.0015","1595.9","DENVER 3.6 WSW, CO US",,,"    0","T,,N","   76",",,N",,,,,,,,
"US1CODN0089","2014-02-04","39.7504","-105.0015","1595.9","DENVER 3.6 WSW, CO US",,,"   10",",,N","   38",",,N",,,,,,,,
"US1CODN0089","2014-02-05","39.7504","-105.0015","1595.9","DENVER 3.6 WSW, CO US",,,"   20",",,N","   51",",,N",,,,,,,,
"US1CODN0089","2014-02-06","39.7504","-105.0015","1595.9","DENVER 3.6 WSW, CO US",,,"    0","T,,N","   71",",,N",,,,,,,,
"US1CODN0089","2014-02-10","39.7504","-105.0015","1595.9","DENVER 3.6 WSW, CO US",,,"    3",",,N","    0",",,N",,,,,,,,
"US1CODN0089","2014-02-20","39.7504","-105.0015","1595.9","DENVER 3.6 WSW, CO US",,,"    0","T,,N",,,,,,,,,,
"US1CODN0089","2014-02-26","39.7504","-105.0015","1595.9","DENVER 3.6 WSW, CO US",,,"   18",",,N","   13",",,N",,,,,,,,
"US1CODN0089","2014-03-01","39.7504","-105.0015","1595.9","DENVER 3.6 WSW, CO US",,,"    5",",,N","    0",",,N",,,,,,,,
"US1CODN0089","2014-03-23","39.7504","-105.0015","1595.9","DENVER 3.6 WSW, CO US",,,"    0","T,,N","    0","T,,N",,,,,,,,
"US1CODN0089","2014-04-03","39.7504","-105.0015","1595.9","DENVER 3.6 WSW, CO US",,,"   46",",,N","   51",",,N",,,,,,,,
"US1CODN0089","2014-04-14","39.7504","-105.0015","1595.9","DENVER 3.6 WSW, CO US",,,"   76",",,N","   76",",,N",,,,,,,,
"US1CODN0089","2014-11-12","39.7504","-105.0015","1595.9","DENVER 3.6 WSW, CO US",,,"   51",",,N","   51",",,N",,,,,,,,
"US1CODN0089","2014-11-13","39.7504","-105.0015","1595.9","DENVER 3.6 WSW, CO US",,,"   25",",,N","   76",",,N",,,,,,,,
"US1CODN0089","2014-11-14","39.7504","-105.0015","1595.9","DENVER 3.6 WSW, CO US",,,"    0",",,N","   51",",,N",,,,,,,,
"US1CODN0089","2014-11-15","39.7504","-105.0015","1595.9","DENVER 3.6 WSW, CO US",,,"    0",",,N","    0","T,,N",,,,,,,,
"US1CODN0089","2014-11-17","39.7504","-105.0015","1595.9","DENVER 3.6 WSW, CO US",,,"    0",",,N","   25",",,N",,,,,,,,
"US1CODN0089","2014-12-22","39.7504","-105.0015","1595.9","DENVER 3.6 WSW, CO US",,,"    0","T,,N","    0","T,,N",,,,,,,,
"US1CODN0089","2014-12-23","39.7504","-105.0015","1595.9","DENVER 3.6 WSW, CO US",,,"    5",",,N","    0",",,N",,,,,,,,
"US1CODN0089","2014-12-26","39.7504","-105.0015","1595.9","DENVER 3.6 WSW, CO US",,,"  135",",,N","  140",",,N",,,,,,,,
"US1CODN0089","2014-12-27","39.7504","-105.0015","1595.9","DENVER 3.6 WSW, CO US",,,"    8",",,N","  114",",,N",,,,,,,,
"US1CODN0089","2015-01-04","39.7504","-105.0015","1595.9","DENVER 3.6 WSW, CO US",,,,,"  127",",,N",,,,,,,,
"US1CODN0089","2015-01-06","39.7504","-105.0015","1595.9","DENVER 3.6 WSW, CO US",,,"    0",",,N","   38",",,N",,,,,,,,
"US1CODN0089","2015-01-07","39.7504","-105.0015","1595.9","DENVER 3.6 WSW, CO US",,,"    0",",,N","    0",",,N",,,,,,,,
"US1CODN0089","2015-01-08","39.7504","-105.0015","1595.9","DENVER 3.6 WSW, CO US",,,"    0",",,N","    0",",,N",,,,,,,,
"US1CODN0089","2015-01-09","39.7504","-105.0015","1595.9","DENVER 3.6 WSW, CO US",,,"    8",",,N","   13",",,N",,,,,,,,
"US1CODN0089","2015-01-10","39.7504","-105.0015","1595.9","DENVER 3.6 WSW, CO US",,,"    0",",,N","    0",",,N",,,,,,,,
"US1CODN0089","2015-02-01","39.7504","-105.0015","1595.9","DENVER 3.6 WSW, CO US",,,"  191",",,N","  191",",,N",,,,,,,,
"US1CODN0089","2015-02-02","39.7504","-105.0015","1595.9","DENVER 3.6 WSW, CO US",,,"    0",",,N","  127",",,N",,,,,,,,
"US1CODN0089","2015-02-03","39.7504","-105.0015","1595.9","DENVER 3.6 WSW, CO US",,,"    0",",,N","    0","T,,N",,,,,,,,
"US1CODN0089","2015-02-05","39.7504","-105.0015","1595.9","DENVER 3.6 WSW, CO US",,,"    0",",,N","   25",",,N",,,,,,,,
"US1CODN0089","2015-02-16","39.7504","-105.0015","1595.9","DENVER 3.6 WSW, CO US",,,"  132",",,N","  127",",,N",,,,,,,,
"US1CODN0089","2015-02-17","39.7504","-105.0015","1595.9","DENVER 3.6 WSW, CO US",,,"   51",",,N","  178",",,N",,,,,,,,
"US1CODN0089","2015-02-18","39.7504","-105.0015","1595.9","DENVER 3.6 WSW, CO US",,,"    0",",,N","   76",",,N",,,,,,,,
"US1CODN0089","2015-02-19","39.7504","-105.0015","1595.9","DENVER 3.6 WSW, CO US",,,"    0",",,N","   25",",,N",,,,,,,,
"US1CODN0089","2015-02-20","39.7504","-105.0015","1595.9","DENVER 3.6 WSW, CO US",,,"    0",",,N","    0",",,N",,,,,,,,
"US1CODN0089","2015-02-21","39.7504","-105.0015","1595.9","DENVER 3.6 WSW, CO US",,,"   66",",,N","   64",",,N",,,,,,,,
"US1CODN0089","2015-02-22","39.7504","-105.0015","1595.9","DENVER 3.6 WSW, CO US",,,"  157",",,N","  229",",,N",,,,,,,,
"US1CODN0089","2015-02-23","39.7504","-105.0015","1595.9","DENVER 3.6 WSW, CO US",,,"   25",",,N","  203",",,N",,,,,,,,
"US1CODN0089","2015-02-24","39.7504","-105.0015","1595.9","DENVER 3.6 WSW, CO US",,,"    0",",,N","  178",",,N",,,,,,,,
"US1CODN0089","2015-02-25","39.7504","-105.0015","1595.9","DENVER 3.6 WSW, CO US",,,"    0",",,N","   13",",,N",,,,,,,,
"US1CODN0089","2015-02-26","39.7504","-105.0015","1595.9","DENVER 3.6 WSW, CO US",,,"  127",",,N","  152",",,N",,,,,,,,
"US1CODN0089","2015-02-27","39.7504","-105.0015","1595.9","DENVER 3.6 WSW, CO US",,,"   15",",,N","  152",",,N",,,,,,,,
"US1CODN0089","2015-02-28","39.7504","-105.0015","1595.9","DENVER 3.6 WSW, CO US",,,"    0",",,N","  127",",,N",,,,,,,,
"US1CODN0089","2015-03-01","39.7504","-105.0015","1595.9","DENVER 3.6 WSW, CO US",,,"    0",",,N","  102",",,N",,,,,,,,
"US1CODN0089","2015-03-02","39.7504","-105.0015","1595.9","DENVER 3.6 WSW, CO US",,,"    0",",,N","   89",",,N",,,,,,,,
"US1CODN0089","2015-03-03","39.7504","-105.0015","1595.9","DENVER 3.6 WSW, CO US",,,"    0",",,N","   51",",,N",,,,,,,,
"US1CODN0089","2015-03-04","39.7504","-105.0015","1595.9","DENVER 3.6 WSW, CO US",,,"   76",",,N","   76",",,N",,,,,,,,
"US1CODN0089","2015-03-05","39.7504","-105.0015","1595.9","DENVER 3.6 WSW, CO US",,,"    0",",,N","   51",",,N",,,,,,,,
"US1CODN0089","2015-03-06","39.7504","-105.0015","1595.9","DENVER 3.6 WSW, CO US",,,"    0",",,N","   51",",,N",,,,,,,,
"US1CODN0089","2015-03-09","39.7504","-105.0015","1595.9","DENVER 3.6 WSW, CO US",,,"    0",",,N","    0",",,N",,,,,,,,
"US1CODN0089","2015-04-03","39.7504","-105.0015","1595.9","DENVER 3.6 WSW, CO US",,,"   25",",,N","   25",",,N",,,,,,,,
"US1CODN0089","2015-04-16","39.7504","-105.0015","1595.9","DENVER 3.6 WSW, CO US",,,"    0","T,,N","    0","T,,N",,,,,,,,
"US1CODN0089","2015-04-17","39.7504","-105.0015","1595.9","DENVER 3.6 WSW, CO US",,,"    0","T,,N","    0",",,N",,,,,,,,
"US1CODN0089","2015-05-10","39.7504","-105.0015","1595.9","DENVER 3.6 WSW, CO US",,,"   89",",,N","   89",",,N",,,,,,,,
"US1CODN0089","2015-05-11","39.7504","-105.0015","1595.9","DENVER 3.6 WSW, CO US",,,"    0",",,N","    0",",,N",,,,,,,,
"US1CODN0089","2015-11-05","39.7504","-105.0015","1595.9","DENVER 3.6 WSW, CO US",,,"    0","T,,N","    0","T,,N",,,,,,,,
"US1CODN0089","2015-11-26","39.7504","-105.0015","1595.9","DENVER 3.6 WSW, CO US",,,"    0","T,,N","    0","T,,N",,,,,,,,
"US1CODN0089","2015-11-27","39.7504","-105.0015","1595.9","DENVER 3.6 WSW, CO US",,,"  117",",,N","  117",",,N",,,,,,,,
"US1CODN0089","2015-11-28","39.7504","-105.0015","1595.9","DENVER 3.6 WSW, CO US",,,,,"   84",",,N",,,,,,,,
"US1CODN0089","2015-11-29","39.7504","-105.0015","1595.9","DENVER 3.6 WSW, CO US",,,,,"   51",",,N",,,,,,,,
"US1CODN0089","2015-11-30","39.7504","-105.0015","1595.9","DENVER 3.6 WSW, CO US",,,,,"   79",",,N",,,,,,,,
"US1CODN0089","2015-12-01","39.7504","-105.0015","1595.9","DENVER 3.6 WSW, CO US",,,"    0",",,N","   61",",,N",,,,,,,,
"US1CODN0089","2015-12-03","39.7504","-105.0015","1595.9","DENVER 3.6 WSW, CO US",,,"    0",",,N","    0","T,,N",,,,,,,,
"US1CODN0089","2015-12-13","39.7504","-105.0015","1595.9","DENVER 3.6 WSW, CO US",,,"   58",",,N","   64",",,N",,,,,,,,
"US1CODN0089","2015-12-14","39.7504","-105.0015","1595.9","DENVER 3.6 WSW, CO US",,,"    0",",,N","    0","T,,N",,,,,,,,
"US1CODN0089","2015-12-26","39.7504","-105.0015","1595.9","DENVER 3.6 WSW, CO US",,,"   51",",,N","   51",",,N",,,,,,,,
"US1CODN0089","2016-01-08","39.7504","-105.0015","1595.9","DENVER 3.6 WSW, CO US",,,"   41",",,N","   38",",,N",,,,,,,,
"US1CODN0089","2016-01-09","39.7504","-105.0015","1595.9","DENVER 3.6 WSW, CO US",,,"   18",",,N","   58",",,N",,,,,,,,
"US1CODN0089","2016-01-31","39.7504","-105.0015","1595.9","DENVER 3.6 WSW, CO US",,,"   30",",,N","   25",",,N",,,,,,,,
"US1CODN0089","2016-02-02","39.7504","-105.0015","1595.9","DENVER 3.6 WSW, CO US",,,"  102",",,N","  229",",,N",,,,,,,,
"US1CODN0089","2016-02-03","39.7504","-105.0015","1595.9","DENVER 3.6 WSW, CO US",,,,,"  203",",,N",,,,,,,,
"US1CODN0089","2016-02-23","39.7504","-105.0015","1595.9","DENVER 3.6 WSW, CO US",,,"   13",",,N","   13",",,N",,,,,,,,
"US1CODN0089","2016-12-17","39.7504","-105.0015","1595.9","DENVER 3.6 WSW, CO US",,,"  203",",,N","  203",",,N",,,,,,,,
"US1CODN0089","2016-12-18","39.7504","-105.0015","1595.9","DENVER 3.6 WSW, CO US",,,,,"  178",",,N",,,,,,,,
"US1CODN0089","2017-01-05","39.7504","-105.0015","1595.9","DENVER 3.6 WSW, CO US",,,"  152",",,N","  152",",,N",,,,,,,,
"US1CODN0089","2017-04-04","39.7504","-105.0015","1595.9","DENVER 3.6 WSW, CO US",,,"   51",",,N","   51",",,N",,,,,,,,
"US1CODN0089","2017-04-29","39.7504","-105.0015","1595.9","DENVER 3.6 WSW, CO US",,,"   89",",,N","   89",",,N",,,,,,,,
"US1CODN0089","2017-10-09","39.7504","-105.0015","1595.9","DENVER 3.6 WSW, CO US",,,"    0","T,,N","    0","T,,N",,,,,,,,
"US1CODN0089","2017-11-07","39.7504","-105.0015","1595.9","DENVER 3.6 WSW, CO US",,,"    0","T,,N",,,,,,,,,,
"US1CODN0089","2017-12-14","39.7504","-105.0015","1595.9","DENVER 3.6 WSW, CO US",,,"    8",",,N","   13",",,N",,,,,,,,
"US1CODN0089","2017-12-24","39.7504","-105.0015","1595.9","DENVER 3.6 WSW, CO US",,,"   13",",,N","   13",",,N",,,,,,,,
"US1CODN0089","2018-02-10","39.7504","-105.0015","1595.9","DENVER 3.6 WSW, CO US",,,"    0","T,,N","    0","T,,N",,,,,,,,
"US1CODN0089","2018-02-11","39.7504","-105.0015","1595.9","DENVER 3.6 WSW, CO US",,,"   51",",,N","   51",",,N",,,,,,,,
"US1CODN0089","2018-02-19","39.7504","-105.0015","1595.9","DENVER 3.6 WSW, CO US",,,"   30",",,N",,,,,,,,,,
"US1CODN0089","2018-02-20","39.7504","-105.0015","1595.9","DENVER 3.6 WSW, CO US",,,"   51",",,N","   76",",,N",,,,,,,,
