"STATION","DATE","LATITUDE","LONGITUDE","ELEVATION","NAME","PRCP","PRCP_ATTRIBUTES","SNOW","SNOW_ATTRIBUTES","SNWD","SNWD_ATTRIBUTES","DAPR","DAPR_ATTRIBUTES","MDPR","MDPR_ATTRIBUTES"
"US1ORLA0011","2007-12-08","44.080663","-123.08099","128.3","EUGENE 2.5 NE, OR US","   46",",,N","    0",",,N",,,,,,
"US1ORLA0011","2007-12-09","44.080663","-123.08099","128.3","EUGENE 2.5 NE, OR US","    0",",,N","    0",",,N",,,,,,
"US1ORLA0011","2007-12-10","44.080663","-123.08099","128.3","EUGENE 2.5 NE, OR US","    0",",,N","    0",",,N",,,,,,
"US1ORLA0011","2007-12-11","44.080663","-123.08099","128.3","EUGENE 2.5 NE, OR US","    0",",,N","    0",",,N",,,,,,
"US1ORLA0011","2007-12-12","44.080663","-123.08099","128.3","EUGENE 2.5 NE, OR US","    0",",,N","    0",",,N",,,,,,
"US1ORLA0011","2007-12-13","44.080663","-123.08099","128.3","EUGENE 2.5 NE, OR US","    0",",,N","    0",",,N",,,,,,
"US1ORLA0011","2007-12-14","44.080663","-123.08099","128.3","EUGENE 2.5 NE, OR US","    0",",,N","    0",",,N",,,,,,
"US1ORLA0011","2007-12-15","44.080663","-123.08099","128.3","EUGENE 2.5 NE, OR US","   18",",,N","    0",",,N",,,,,,
"US1ORLA0011","2007-12-16","44.080663","-123.08099","128.3","EUGENE 2.5 NE, OR US","    5",",,N","    0",",,N",,,,,,
"US1ORLA0011","2007-12-17","44.080663","-123.08099","128.3","EUGENE 2.5 NE, OR US","   81",",,N","    0",",,N",,,,,,
"US1ORLA0011","2007-12-18","44.080663","-123.08099","128.3","EUGENE 2.5 NE, OR US","   61",",,N","    0",",,N",,,,,,
"US1ORLA0011","2007-12-19","44.080663","-123.08099","128.3","EUGENE 2.5 NE, OR US","   56",",,N","    0",",,N",,,,,,
"US1ORLA0011","2007-12-20","44.080663","-123.08099","128.3","EUGENE 2.5 NE, OR US","  254",",,N","    0",",,N",,,,,,
"US1ORLA0011","2007-12-21","44.080663","-123.08099","128.3","EUGENE 2.5 NE, OR US","    5",",,N","    0",",,N",,,,,,
"US1ORLA0011","2007-12-22","44.080663","-123.08099","128.3","EUGENE 2.5 NE, OR US","    0","T,,N","    0",",,N",,,,,,
"US1ORLA0011","2007-12-23","44.080663","-123.08099","128.3","EUGENE 2.5 NE, OR US","   91",",,N","    0",",,N",,,,,,
"US1ORLA0011","2007-12-24","44.080663","-123.08099","128.3","EUGENE 2.5 NE, OR US","  231",",,N","    0",",,N",,,,,,
"US1ORLA0011","2007-12-25","44.080663","-123.08099","128.3","EUGENE 2.5 NE, OR US","   36",",,N","    0",",,N",,,,,,
"US1ORLA0011","2007-12-26","44.080663","-123.08099","128.3","EUGENE 2.5 NE, OR US","   53",",,N","    0",",,N",,,,,,
"US1ORLA0011","2007-12-27","44.080663","-123.08099","128.3","EUGENE 2.5 NE, OR US","   36",",,N","    0",",,N",,,,,,
"US1ORLA0011","2007-12-28","44.080663","-123.08099","128.3","EUGENE 2.5 NE, OR US","   79",",,N","    0",",,N",,,,,,
"US1ORLA0011","2007-12-29","44.080663","-123.08099","128.3","EUGENE 2.5 NE, OR US","   15",",,N","    0",",,N",,,,,,
"US1ORLA0011","2007-12-30","44.080663","-123.08099","128.3","EUGENE 2.5 NE, OR US","   79",",,N","    0",",,N",,,,,,
"US1ORLA0011","2007-12-31","44.080663","-123.08099","128.3","EUGENE 2.5 NE, OR US","   25",",,N","    0",",,N",,,,,,
"US1ORLA0011","2008-01-01","44.080663","-123.08099","128.3","EUGENE 2.5 NE, OR US","    0",",,N","    0",",,N",,,,,,
"US1ORLA0011","2008-01-02","44.080663","-123.08099","128.3","EUGENE 2.5 NE, OR US","   13",",,N","    0",",,N",,,,,,
"US1ORLA0011","2008-01-03","44.080663","-123.08099","128.3","EUGENE 2.5 NE, OR US","   76",",,N","    0",",,N",,,,,,
"US1ORLA0011","2008-01-04","44.080663","-123.08099","128.3","EUGENE 2.5 NE, OR US","   61",",,N","    0",",,N",,,,,,
"US1ORLA0011","2008-01-05","44.080663","-123.08099","128.3","EUGENE 2.5 NE, OR US","  302",",,N","    0",",,N",,,,,,
"US1ORLA0011","2008-01-06","44.080663","-123.08099","128.3","EUGENE 2.5 NE, OR US","  137",",,N","    0",",,N",,,,,,
"US1ORLA0011","2008-01-07","44.080663","-123.08099","128.3","EUGENE 2.5 NE, OR US","   76",",,N","    0",",,N",,,,,,
"US1ORLA0011","2008-01-08","44.080663","-123.08099","128.3","EUGENE 2.5 NE, OR US","  127",",,N","    0",",,N",,,,,,
"US1ORLA0011","2008-01-09","44.080663","-123.08099","128.3","EUGENE 2.5 NE, OR US","   71",",,N","    0",",,N",,,,,,
"US1ORLA0011","2008-01-10","44.080663","-123.08099","128.3","EUGENE 2.5 NE, OR US","   38",",,N","    0",",,N",,,,,,
"US1ORLA0011","2008-01-11","44.080663","-123.08099","128.3","EUGENE 2.5 NE, OR US","   89",",,N","    0",",,N",,,,,,
"US1ORLA0011","2008-01-12","44.080663","-123.08099","128.3","EUGENE 2.5 NE, OR US","   66",",,N","    0",",,N",,,,,,
"US1ORLA0011","2008-01-13","44.080663","-123.08099","128.3","EUGENE 2.5 NE, OR US","   10",",,N","    0",",,N",,,,,,
"US1ORLA0011","2008-01-14","44.080663","-123.08099","128.3","EUGENE 2.5 NE, OR US","    0",",,N","    0",",,N",,,,,,
"US1ORLA0011","2008-01-15","44.080663","-123.08099","128.3","EUGENE 2.5 NE, OR US","   33",",,N","    0",",,N",,,,,,
"US1ORLA0011","2008-01-16","44.080663","-123.08099","128.3","EUGENE 2.5 NE, OR US","    0",",,N","    0",",,N",,,,,,
"US1ORLA0011","2008-01-17","44.080663","-123.08099","128.3","EUGENE 2.5 NE, OR US","    0",",,N","    0",",,N",,,,,,
"US1ORLA0011","2008-01-18","44.080663","-123.08099","128.3","EUGENE 2.5 NE, OR US","    0",",,N","    0",",,N",,,,,,
"US1ORLA0011","2008-01-19","44.080663","-123.08099","128.3","EUGENE 2.5 NE, OR US","    0",",,N","    0",",,N",,,,,,
"US1ORLA0011","2008-01-20","44.080663","-123.08099","128.3","EUGENE 2.5 NE, OR US","   23",",,N","    0",",,N",,,,,,
"US1ORLA0011","2008-01-21","44.080663","-123.08099","128.3","EUGENE 2.5 NE, OR US","    0","T,,N","    0",",,N",,,,,,
"US1ORLA0011","2008-01-22","44.080663","-123.08099","128.3","EUGENE 2.5 NE, OR US","    0",",,N","    0",",,N",,,,,,
"US1ORLA0011","2008-01-23","44.080663","-123.08099","128.3","EUGENE 2.5 NE, OR US","    0",",,N","    0",",,N",,,,,,
"US1ORLA0011","2008-01-24","44.080663","-123.08099","128.3","EUGENE 2.5 NE, OR US","    0",",,N","    0",",,N",,,,,,
"US1ORLA0011","2008-01-27","44.080663","-123.08099","128.3","EUGENE 2.5 NE, OR US",,,,,,,"    3",",,N","  335",",,N"
"US1ORLA0011","2008-01-29","44.080663","-123.08099","128.3","EUGENE 2.5 NE, OR US",,,,,,,"    2",",,N","  191",",,N"
"US1ORLA0011","2008-01-30","44.080663","-123.08099","128.3","EUGENE 2.5 NE, OR US","   91",",,N","    0",",,N",,,,,,
"US1ORLA0011","2008-01-31","44.080663","-123.08099","128.3","EUGENE 2.5 NE, OR US","  168",",,N","    0",",,N",,,,,,
"US1ORLA0011","2008-02-01","44.080663","-123.08099","128.3","EUGENE 2.5 NE, OR US","  183",",,N","    0",",,N",,,,,,
"US1ORLA0011","2008-02-02","44.080663","-123.08099","128.3","EUGENE 2.5 NE, OR US","   20",",,N","    0",",,N",,,,,,
"US1ORLA0011","2008-02-03","44.080663","-123.08099","128.3","EUGENE 2.5 NE, OR US","  117",",,N","    0",",,N",,,,,,
"US1ORLA0011","2008-02-04","44.080663","-123.08099","128.3","EUGENE 2.5 NE, OR US","   20",",,N","    0",",,N",,,,,,
"US1ORLA0011","2008-02-05","44.080663","-123.08099","128.3","EUGENE 2.5 NE, OR US","    5",",,N","    0",",,N",,,,,,
"US1ORLA0011","2008-02-06","44.080663","-123.08099","128.3","EUGENE 2.5 NE, OR US","   15",",,N","    0",",,N",,,,,,
"US1ORLA0011","2008-02-07","44.080663","-123.08099","128.3","EUGENE 2.5 NE, OR US","   56",",,N","    0",",,N",,,,,,
"US1ORLA0011","2008-02-08","44.080663","-123.08099","128.3","EUGENE 2.5 NE, OR US","   46",",,N","    0",",,N",,,,,,
"US1ORLA0011","2008-02-09","44.080663","-123.08099","128.3","EUGENE 2.5 NE, OR US","    3",",,N","    0",",,N",,,,,,
"US1ORLA0011","2008-02-10","44.080663","-123.08099","128.3","EUGENE 2.5 NE, OR US","    0","T,,N","    0",",,N",,,,,,
"US1ORLA0011","2008-02-11","44.080663","-123.08099","128.3","EUGENE 2.5 NE, OR US","    5",",,N","    0",",,N",,,,,,
"US1ORLA0011","2008-02-12","44.080663","-123.08099","128.3","EUGENE 2.5 NE, OR US","    0",",,N","    0",",,N",,,,,,
"US1ORLA0011","2008-02-13","44.080663","-123.08099","128.3","EUGENE 2.5 NE, OR US","    3",",,N","    0",",,N",,,,,,
"US1ORLA0011","2008-02-14","44.080663","-123.08099","128.3","EUGENE 2.5 NE, OR US","    0",",,N","    0",",,N",,,,,,
"US1ORLA0011","2008-02-15","44.080663","-123.08099","128.3","EUGENE 2.5 NE, OR US","    0",",,N","    0",",,N",,,,,,
"US1ORLA0011","2008-02-16","44.080663","-123.08099","128.3","EUGENE 2.5 NE, OR US","    0",",,N","    0",",,N",,,,,,
"US1ORLA0011","2008-02-17","44.080663","-123.08099","128.3","EUGENE 2.5 NE, OR US","    0",",,N","    0",",,N",,,,,,
"US1ORLA0011","2008-02-18","44.080663","-123.08099","128.3","EUGENE 2.5 NE, OR US","    0",",,N","    0",",,N",,,,,,
"US1ORLA0011","2008-02-19","44.080663","-123.08099","128.3","EUGENE 2.5 NE, OR US","    0",",,N","    0",",,N",,,,,,
"US1ORLA0011","2008-02-20","44.080663","-123.08099","128.3","EUGENE 2.5 NE, OR US","   13",",,N","    0",",,N",,,,,,
"US1ORLA0011","2008-02-21","44.080663","-123.08099","128.3","EUGENE 2.5 NE, OR US","    0",",,N","    0",",,N",,,,,,
"US1ORLA0011","2008-02-22","44.080663","-123.08099","128.3","EUGENE 2.5 NE, OR US","    0",",,N","    0",",,N",,,,,,
"US1ORLA0011","2008-02-23","44.080663","-123.08099","128.3","EUGENE 2.5 NE, OR US","    0","T,,N","    0",",,N",,,,,,
"US1ORLA0011","2008-02-24","44.080663","-123.08099","128.3","EUGENE 2.5 NE, OR US","   13",",,N","    0",",,N",,,,,,
"US1ORLA0011","2008-02-25","44.080663","-123.08099","128.3","EUGENE 2.5 NE, OR US","   20",",,N","    0",",,N",,,,,,
"US1ORLA0011","2008-02-26","44.080663","-123.08099","128.3","EUGENE 2.5 NE, OR US","   13",",,N","    0",",,N",,,,,,
"US1ORLA0011","2008-02-27","44.080663","-123.08099","128.3","EUGENE 2.5 NE, OR US","    0",",,N","    0",",,N",,,,,,
"US1ORLA0011","2008-02-28","44.080663","-123.08099","128.3","EUGENE 2.5 NE, OR US","    0",",,N","    0",",,N",,,,,,
"US1ORLA0011","2008-03-03","44.080663","-123.08099","128.3","EUGENE 2.5 NE, OR US",,,,,,,"    4",",,N","  140",",,N"
"US1ORLA0011","2008-03-04","44.080663","-123.08099","128.3","EUGENE 2.5 NE, OR US","   18",",,N","    0",",,N",,,,,,
"US1ORLA0011","2008-03-05","44.080663","-123.08099","128.3","EUGENE 2.5 NE, OR US","    0",",,N","    0",",,N",,,,,,
"US1ORLA0011","2008-03-06","44.080663","-123.08099","128.3","EUGENE 2.5 NE, OR US","    0",",,N","    0",",,N",,,,,,
"US1ORLA0011","2008-03-07","44.080663","-123.08099","128.3","EUGENE 2.5 NE, OR US","    0",",,N","    0",",,N",,,,,,
"US1ORLA0011","2008-03-08","44.080663","-123.08099","128.3","EUGENE 2.5 NE, OR US","   64",",,N","    0",",,N",,,,,,
"US1ORLA0011","2008-03-09","44.080663","-123.08099","128.3","EUGENE 2.5 NE, OR US","    0",",,N","    0",",,N",,,,,,
"US1ORLA0011","2008-03-10","44.080663","-123.08099","128.3","EUGENE 2.5 NE, OR US","    0",",,N","    0",",,N",,,,,,
"US1ORLA0011","2008-03-11","44.080663","-123.08099","128.3","EUGENE 2.5 NE, OR US","   51",",,N","    0",",,N",,,,,,
"US1ORLA0011","2008-03-12","44.080663","-123.08099","128.3","EUGENE 2.5 NE, OR US","    5",",,N","    0",",,N",,,,,,
"US1ORLA0011","2008-03-13","44.080663","-123.08099","128.3","EUGENE 2.5 NE, OR US","   48",",,N","    0",",,N",,,,,,
"US1ORLA0011","2008-03-14","44.080663","-123.08099","128.3","EUGENE 2.5 NE, OR US","   97",",,N","    0",",,N",,,,,,
"US1ORLA0011","2008-03-15","44.080663","-123.08099","128.3","EUGENE 2.5 NE, OR US","  102",",,N","    0",",,N",,,,,,
"US1ORLA0011","2008-03-16","44.080663","-123.08099","128.3","EUGENE 2.5 NE, OR US","   97",",,N","    0",",,N",,,,,,
"US1ORLA0011","2008-03-17","44.080663","-123.08099","128.3","EUGENE 2.5 NE, OR US","   33",",,N","    0",",,N",,,,,,
"US1ORLA0011","2008-03-18","44.080663","-123.08099","128.3","EUGENE 2.5 NE, OR US","  137",",,N","    0",",,N",,,,,,
"US1ORLA0011","2008-03-19","44.080663","-123.08099","128.3","EUGENE 2.5 NE, OR US","   46",",,N","    0",",,N",,,,,,
"US1ORLA0011","2008-03-20","44.080663","-123.08099","128.3","EUGENE 2.5 NE, OR US","   71",",,N","    0",",,N",,,,,,
"US1ORLA0011","2008-03-21","44.080663","-123.08099","128.3","EUGENE 2.5 NE, OR US","   64",",,N","    0",",,N",,,,,,
"US1ORLA0011","2008-03-22","44.080663","-123.08099","128.3","EUGENE 2.5 NE, OR US","    3",",,N","    0",",,N",,,,,,
"US1ORLA0011","2008-03-23","44.080663","-123.08099","128.3","EUGENE 2.5 NE, OR US","    3",",,N","    0",",,N",,,,,,
"US1ORLA0011","2008-03-24","44.080663","-123.08099","128.3","EUGENE 2.5 NE, OR US","   30",",,N","    0",",,N",,,,,,
"US1ORLA0011","2008-03-25","44.080663","-123.08099","128.3","EUGENE 2.5 NE, OR US","    0",",,N","    0",",,N",,,,,,
"US1ORLA0011","2008-03-26","44.080663","-123.08099","128.3","EUGENE 2.5 NE, OR US","   33",",,N","    0",",,N",,,,,,
"US1ORLA0011","2008-03-27","44.080663","-123.08099","128.3","EUGENE 2.5 NE, OR US","  102",",,N","    0",",,N",,,,,,
"US1ORLA0011","2008-03-28","44.080663","-123.08099","128.3","EUGENE 2.5 NE, OR US","   13",",,N","    0",",,N",,,,,,
"US1ORLA0011","2008-03-29","44.080663","-123.08099","128.3","EUGENE 2.5 NE, OR US","   36",",,N","    0",",,N",,,,,,
"US1ORLA0011","2008-03-30","44.080663","-123.08099","128.3","EUGENE 2.5 NE, OR US","   43",",,N","    0",",,N",,,,,,
"US1ORLA0011","2008-03-31","44.080663","-123.08099","128.3","EUGENE 2.5 NE, OR US","   43",",,N","    0",",,N",,,,,,
"US1ORLA0011","2008-04-01","44.080663","-123.08099","128.3","EUGENE 2.5 NE, OR US","    0",",,N","    0",",,N",,,,,,
"US1ORLA0011","2008-04-02","44.080663","-123.08099","128.3","EUGENE 2.5 NE, OR US","    0",",,N","    0",",,N",,,,,,
"US1ORLA0011","2008-04-03","44.080663","-123.08099","128.3","EUGENE 2.5 NE, OR US","    0",",,N","    0",",,N",,,,,,
"US1ORLA0011","2008-04-04","44.080663","-123.08099","128.3","EUGENE 2.5 NE, OR US","    0",",,N","    0",",,N",,,,,,
"US1ORLA0011","2008-04-05","44.080663","-123.08099","128.3","EUGENE 2.5 NE, OR US","   33",",,N","    0",",,N",,,,,,
"US1ORLA0011","2008-04-06","44.080663","-123.08099","128.3","EUGENE 2.5 NE, OR US","   20",",,N","    0",",,N",,,,,,
"US1ORLA0011","2008-04-07","44.080663","-123.08099","128.3","EUGENE 2.5 NE, OR US","   25",",,N","    0",",,N",,,,,,
"US1ORLA0011","2008-04-08","44.080663","-123.08099","128.3","EUGENE 2.5 NE, OR US","   30",",,N","    0",",,N",,,,,,
"US1ORLA0011","2008-04-09","44.080663","-123.08099","128.3","EUGENE 2.5 NE, OR US","   20",",,N","    0",",,N",,,,,,
"US1ORLA0011","2008-04-12","44.080663","-123.08099","128.3","EUGENE 2.5 NE, OR US","    0",",,N","    0",",,N",,,,,,
"US1ORLA0011","2008-04-13","44.080663","-123.08099","128.3","EUGENE 2.5 NE, OR US","    0",",,N","    0",",,N",,,,,,
"US1ORLA0011","2008-04-14","44.080663","-123.08099","128.3","EUGENE 2.5 NE, OR US","    0",",,N","    0",",,N",,,,,,
"US1ORLA0011","2008-04-15","44.080663","-123.08099","128.3","EUGENE 2.5 NE, OR US","   66",",,N","    0",",,N",,,,,,
"US1ORLA0011","2008-04-16","44.080663","-123.08099","128.3","EUGENE 2.5 NE, OR US","   10",",,N","    0",",,N",,,,,,
"US1ORLA0011","2008-04-17","44.080663","-123.08099","128.3","EUGENE 2.5 NE, OR US","    0",",,N","    0",",,N",,,,,,
"US1ORLA0011","2008-04-18","44.080663","-123.08099","128.3","EUGENE 2.5 NE, OR US","   10",",,N","    0",",,N",,,,,,
"US1ORLA0011","2008-04-19","44.080663","-123.08099","128.3","EUGENE 2.5 NE, OR US","   10",",,N","    0",",,N",,,,,,
"US1ORLA0011","2008-04-20","44.080663","-123.08099","128.3","EUGENE 2.5 NE, OR US","   18",",,N","    0",",,N",,,,,,
"US1ORLA0011","2008-04-21","44.080663","-123.08099","128.3","EUGENE 2.5 NE, OR US","   64",",,N","    0",",,N",,,,,,
"US1ORLA0011","2008-04-22","44.080663","-123.08099","128.3","EUGENE 2.5 NE, OR US","   30",",,N","    0",",,N",,,,,,
"US1ORLA0011","2008-04-23","44.080663","-123.08099","128.3","EUGENE 2.5 NE, OR US","  119",",,N","    0",",,N",,,,,,
"US1ORLA0011","2008-04-24","44.080663","-123.08099","128.3","EUGENE 2.5 NE, OR US","   25",",,N","    0",",,N",,,,,,
"US1ORLA0011","2008-04-25","44.080663","-123.08099","128.3","EUGENE 2.5 NE, OR US","    0","T,,N","    0",",,N",,,,,,
"US1ORLA0011","2008-04-26","44.080663","-123.08099","128.3","EUGENE 2.5 NE, OR US","    0",",,N","    0",",,N",,,,,,
"US1ORLA0011","2008-04-27","44.080663","-123.08099","128.3","EUGENE 2.5 NE, OR US","    0",",,N","    0",",,N",,,,,,
"US1ORLA0011","2008-04-28","44.080663","-123.08099","128.3","EUGENE 2.5 NE, OR US","    0",",,N","    0",",,N",,,,,,
"US1ORLA0011","2008-04-29","44.080663","-123.08099","128.3","EUGENE 2.5 NE, OR US","   28",",,N","    0",",,N",,,,,,
"US1ORLA0011","2008-04-30","44.080663","-123.08099","128.3","EUGENE 2.5 NE, OR US","   33",",,N","    0",",,N",,,,,,
"US1ORLA0011","2008-05-01","44.080663","-123.08099","128.3","EUGENE 2.5 NE, OR US","   23",",,N","    0",",,N",,,,,,
"US1ORLA0011","2008-05-02","44.080663","-123.08099","128.3","EUGENE 2.5 NE, OR US","    0",",,N","    0",",,N",,,,,,
"US1ORLA0011","2008-05-03","44.080663","-123.08099","128.3","EUGENE 2.5 NE, OR US","    0",",,N","    0",",,N",,,,,,
"US1ORLA0011","2008-05-04","44.080663","-123.08099","128.3","EUGENE 2.5 NE, OR US","    0",",,N","    0",",,N",,,,,,
"US1ORLA0011","2008-05-05","44.080663","-123.08099","128.3","EUGENE 2.5 NE, OR US","    0",",,N","    0",",,N",,,,,,
"US1ORLA0011","2008-05-06","44.080663","-123.08099","128.3","EUGENE 2.5 NE, OR US","    0",",,N","    0",",,N",,,,,,
"US1ORLA0011","2008-05-07","44.080663","-123.08099","128.3","EUGENE 2.5 NE, OR US","    0",",,N","    0",",,N",,,,,,
"US1ORLA0011","2008-05-08","44.080663","-123.08099","128.3","EUGENE 2.5 NE, OR US","    0",",,N","    0",",,N",,,,,,
"US1ORLA0011","2008-05-09","44.080663","-123.08099","128.3","EUGENE 2.5 NE, OR US","    0",",,N","    0",",,N",,,,,,
"US1ORLA0011","2008-05-10","44.080663","-123.08099","128.3","EUGENE 2.5 NE, OR US","    0",",,N","    0",",,N",,,,,,
"US1ORLA0011","2008-05-11","44.080663","-123.08099","128.3","EUGENE 2.5 NE, OR US","    0",",,N","    0",",,N",,,,,,
"US1ORLA0011","2008-05-12","44.080663","-123.08099","128.3","EUGENE 2.5 NE, OR US","   10",",,N","    0",",,N",,,,,,
"US1ORLA0011","2008-05-13","44.080663","-123.08099","128.3","EUGENE 2.5 NE, OR US","    0",",,N","    0",",,N",,,,,,
"US1ORLA0011","2008-05-14","44.080663","-123.08099","128.3","EUGENE 2.5 NE, OR US","    0",",,N","    0",",,N",,,,,,
"US1ORLA0011","2008-05-15","44.080663","-123.08099","128.3","EUGENE 2.5 NE, OR US","    0",",,N","    0",",,N",,,,,,
"US1ORLA0011","2008-05-16","44.080663","-123.08099","128.3","EUGENE 2.5 NE, OR US","    0",",,N","    0",",,N",,,,,,
"US1ORLA0011","2008-05-17","44.080663","-123.08099","128.3","EUGENE 2.5 NE, OR US","    0",",,N","    0",",,N",,,,,,
"US1ORLA0011","2008-05-18","44.080663","-123.08099","128.3","EUGENE 2.5 NE, OR US","    0",",,N","    0",",,N",,,,,,
"US1ORLA0011","2008-05-19","44.080663","-123.08099","128.3","EUGENE 2.5 NE, OR US","    0",",,N","    0",",,N",,,,,,
"US1ORLA0011","2008-05-24","44.080663","-123.08099","128.3","EUGENE 2.5 NE, OR US",,,,,,,"    5",",,N","  102",",,N"
"US1ORLA0011","2008-05-25","44.080663","-123.08099","128.3","EUGENE 2.5 NE, OR US","   20",",,N","    0",",,N",,,,,,
"US1ORLA0011","2008-05-26","44.080663","-123.08099","128.3","EUGENE 2.5 NE, OR US","    0",",,N","    0",",,N",,,,,,
"US1ORLA0011","2008-05-27","44.080663","-123.08099","128.3","EUGENE 2.5 NE, OR US","    0",",,N","    0",",,N",,,,,,
"US1ORLA0011","2008-05-28","44.080663","-123.08099","128.3","EUGENE 2.5 NE, OR US","   15",",,N","    0",",,N",,,,,,
"US1ORLA0011","2008-05-29","44.080663","-123.08099","128.3","EUGENE 2.5 NE, OR US","   66",",,N","    0",",,N",,,,,,
"US1ORLA0011","2008-05-30","44.080663","-123.08099","128.3","EUGENE 2.5 NE, OR US","    0",",,N","    0",",,N",,,,,,
"US1ORLA0011","2008-06-01","44.080663","-123.08099","128.3","EUGENE 2.5 NE, OR US","    8",",,N","    0",",,N",,,,,,
"US1ORLA0011","2008-06-02","44.080663","-123.08099","128.3","EUGENE 2.5 NE, OR US","    5",",,N","    0",",,N",,,,,,
"US1ORLA0011","2008-06-03","44.080663","-123.08099","128.3","EUGENE 2.5 NE, OR US","   89",",,N","    0",",,N",,,,,,
"US1ORLA0011","2008-06-04","44.080663","-123.08099","128.3","EUGENE 2.5 NE, OR US","   48",",,N","    0",",,N",,,,,,
"US1ORLA0011","2008-06-05","44.080663","-123.08099","128.3","EUGENE 2.5 NE, OR US","    0",",,N","    0",",,N",,,,,,
"US1ORLA0011","2008-06-06","44.080663","-123.08099","128.3","EUGENE 2.5 NE, OR US","   13",",,N","    0",",,N",,,,,,
"US1ORLA0011","2008-06-07","44.080663","-123.08099","128.3","EUGENE 2.5 NE, OR US","   18",",,N","    0",",,N",,,,,,
"US1ORLA0011","2008-06-08","44.080663","-123.08099","128.3","EUGENE 2.5 NE, OR US","    0",",,N","    0",",,N",,,,,,
"US1ORLA0011","2008-06-09","44.080663","-123.08099","128.3","EUGENE 2.5 NE, OR US","    0","T,,N","    0",",,N",,,,,,
"US1ORLA0011","2008-06-10","44.080663","-123.08099","128.3","EUGENE 2.5 NE, OR US","    3",",,N","    0",",,N",,,,,,
"US1ORLA0011","2008-06-11","44.080663","-123.08099","128.3","EUGENE 2.5 NE, OR US","    0",",,N","    0",",,N",,,,,,
"US1ORLA0011","2008-06-12","44.080663","-123.08099","128.3","EUGENE 2.5 NE, OR US","    0",",,N","    0",",,N",,,,,,
"US1ORLA0011","2008-06-13","44.080663","-123.08099","128.3","EUGENE 2.5 NE, OR US","    0",",,N","    0",",,N",,,,,,
"US1ORLA0011","2008-06-14","44.080663","-123.08099","128.3","EUGENE 2.5 NE, OR US","    0",",,N","    0",",,N",,,,,,
"US1ORLA0011","2008-06-15","44.080663","-123.08099","128.3","EUGENE 2.5 NE, OR US","    0",",,N","    0",",,N",,,,,,
"US1ORLA0011","2008-06-16","44.080663","-123.08099","128.3","EUGENE 2.5 NE, OR US","    0",",,N","    0",",,N",,,,,,
"US1ORLA0011","2008-06-17","44.080663","-123.08099","128.3","EUGENE 2.5 NE, OR US","    0",",,N","    0",",,N",,,,,,
"US1ORLA0011","2008-06-18","44.080663","-123.08099","128.3","EUGENE 2.5 NE, OR US","    0",",,N","    0",",,N",,,,,,
"US1ORLA0011","2008-06-19","44.080663","-123.08099","128.3","EUGENE 2.5 NE, OR US","    0",",,N","    0",",,N",,,,,,
"US1ORLA0011","2008-06-20","44.080663","-123.08099","128.3","EUGENE 2.5 NE, OR US","    0",",,N","    0",",,N",,,,,,
"US1ORLA0011","2008-06-21","44.080663","-123.08099","128.3","EUGENE 2.5 NE, OR US","    0","T,,N","    0",",,N",,,,,,
"US1ORLA0011","2008-06-22","44.080663","-123.08099","128.3","EUGENE 2.5 NE, OR US","    0",",,N","    0",",,N",,,,,,
"US1ORLA0011","2008-06-23","44.080663","-123.08099","128.3","EUGENE 2.5 NE, OR US","    0",",,N","    0",",,N",,,,,,
"US1ORLA0011","2008-06-24","44.080663","-123.08099","128.3","EUGENE 2.5 NE, OR US","    0",",,N","    0",",,N",,,,,,
"US1ORLA0011","2008-06-25","44.080663","-123.08099","128.3","EUGENE 2.5 NE, OR US","    0",",,N","    0",",,N",,,,,,
"US1ORLA0011","2008-06-26","44.080663","-123.08099","128.3","EUGENE 2.5 NE, OR US","    0",",,N","    0",",,N",,,,,,
"US1ORLA0011","2008-06-27","44.080663","-123.08099","128.3","EUGENE 2.5 NE, OR US","    0",",,N","    0",",,N",,,,,,
"US1ORLA0011","2008-06-28","44.080663","-123.08099","128.3","EUGENE 2.5 NE, OR US","    0",",,N","    0",",,N",,,,,,
"US1ORLA0011","2008-06-29","44.080663","-123.08099","128.3","EUGENE 2.5 NE, OR US","    0",",,N","    0",",,N",,,,,,
"US1ORLA0011","2008-06-30","44.080663","-123.08099","128.3","EUGENE 2.5 NE, OR US","    0",",,N","    0",",,N",,,,,,
"US1ORLA0011","2008-07-01","44.080663","-123.08099","128.3","EUGENE 2.5 NE, OR US","    0",",,N","    0",",,N",,,,,,
"US1ORLA0011","2008-07-02","44.080663","-123.08099","128.3","EUGENE 2.5 NE, OR US","    0",",,N","    0",",,N",,,,,,
"US1ORLA0011","2008-07-03","44.080663","-123.08099","128.3","EUGENE 2.5 NE, OR US","    0",",,N","    0",",,N",,,,,,
"US1ORLA0011","2008-07-04","44.080663","-123.08099","128.3","EUGENE 2.5 NE, OR US","    0",",,N","    0",",,N",,,,,,
"US1ORLA0011","2008-07-05","44.080663","-123.08099","128.3","EUGENE 2.5 NE, OR US","    0",",,N","    0",",,N",,,,,,
"US1ORLA0011","2008-07-06","44.080663","-123.08099","128.3","EUGENE 2.5 NE, OR US","    0",",,N","    0",",,N",,,,,,
"US1ORLA0011","2008-07-07","44.080663","-123.08099","128.3","EUGENE 2.5 NE, OR US","    0",",,N","    0",",,N",,,,,,
"US1ORLA0011","2008-07-08","44.080663","-123.08099","128.3","EUGENE 2.5 NE, OR US","    0",",,N","    0",",,N",,,,,,
"US1ORLA0011","2008-07-09","44.080663","-123.08099","128.3","EUGENE 2.5 NE, OR US","    0",",,N","    0",",,N",,,,,,
"US1ORLA0011","2008-07-11","44.080663","-123.08099","128.3","EUGENE 2.5 NE, OR US","    0",",,N","    0",",,N",,,,,,
"US1ORLA0011","2008-07-12","44.080663","-123.08099","128.3","EUGENE 2.5 NE, OR US","    0",",,N","    0",",,N",,,,,,
"US1ORLA0011","2008-07-13","44.080663","-123.08099","128.3","EUGENE 2.5 NE, OR US","    0",",,N","    0",",,N",,,,,,
"US1ORLA0011","2008-07-14","44.080663","-123.08099","128.3","EUGENE 2.5 NE, OR US","    0",",,N","    0",",,N",,,,,,
"US1ORLA0011","2008-07-15","44.080663","-123.08099","128.3","EUGENE 2.5 NE, OR US","    0",",,N","    0",",,N",,,,,,
"US1ORLA0011","2008-07-16","44.080663","-123.08099","128.3","EUGENE 2.5 NE, OR US","    0",",,N","    0",",,N",,,,,,
"US1ORLA0011","2008-07-17","44.080663","-123.08099","128.3","EUGENE 2.5 NE, OR US","    0",",,N","    0",",,N",,,,,,
"US1ORLA0011","2008-07-18","44.080663","-123.08099","128.3","EUGENE 2.5 NE, OR US","    0",",,N","    0",",,N",,,,,,
"US1ORLA0011","2008-07-19","44.080663","-123.08099","128.3","EUGENE 2.5 NE, OR US","    0",",,N","    0",",,N",,,,,,
"US1ORLA0011","2008-07-20","44.080663","-123.08099","128.3","EUGENE 2.5 NE, OR US","    0",",,N","    0",",,N",,,,,,
"US1ORLA0011","2008-07-21","44.080663","-123.08099","128.3","EUGENE 2.5 NE, OR US","    0",",,N","    0",",,N",,,,,,
"US1ORLA0011","2008-07-22","44.080663","-123.08099","128.3","EUGENE 2.5 NE, OR US","    0",",,N","    0",",,N",,,,,,
"US1ORLA0011","2008-07-23","44.080663","-123.08099","128.3","EUGENE 2.5 NE, OR US","    3",",,N","    0",",,N",,,,,,
"US1ORLA0011","2008-07-25","44.080663","-123.08099","128.3","EUGENE 2.5 NE, OR US","    0",",,N","    0",",,N",,,,,,
"US1ORLA0011","2008-07-26","44.080663","-123.08099","128.3","EUGENE 2.5 NE, OR US","    0",",,N","    0",",,N",,,,,,
"US1ORLA0011","2008-07-27","44.080663","-123.08099","128.3","EUGENE 2.5 NE, OR US","    0",",,N","    0",",,N",,,,,,
"US1ORLA0011","2008-07-28","44.080663","-123.08099","128.3","EUGENE 2.5 NE, OR US","    0",",,N","    0",",,N",,,,,,
"US1ORLA0011","2008-07-29","44.080663","-123.08099","128.3","EUGENE 2.5 NE, OR US","    0",",,N","    0",",,N",,,,,,
"US1ORLA0011","2008-07-30","44.080663","-123.08099","128.3","EUGENE 2.5 NE, OR US","    0",",,N","    0",",,N",,,,,,
"US1ORLA0011","2008-07-31","44.080663","-123.08099","128.3","EUGENE 2.5 NE, OR US","    0",",,N","    0",",,N",,,,,,
"US1ORLA0011","2008-08-01","44.080663","-123.08099","128.3","EUGENE 2.5 NE, OR US","    0",",,N","    0",",,N",,,,,,
"US1ORLA0011","2008-08-02","44.080663","-123.08099","128.3","EUGENE 2.5 NE, OR US","    0",",,N","    0",",,N",,,,,,
"US1ORLA0011","2008-08-04","44.080663","-123.08099","128.3","EUGENE 2.5 NE, OR US","    0",",,N","    0",",,N",,,,,,
"US1ORLA0011","2008-08-05","44.080663","-123.08099","128.3","EUGENE 2.5 NE, OR US","    0",",,N","    0",",,N",,,,,,
"US1ORLA0011","2008-08-06","44.080663","-123.08099","128.3","EUGENE 2.5 NE, OR US","    0",",,N","    0",",,N",,,,,,
"US1ORLA0011","2008-08-07","44.080663","-123.08099","128.3","EUGENE 2.5 NE, OR US","    0",",,N","    0",",,N",,,,,,
"US1ORLA0011","2008-08-08","44.080663","-123.08099","128.3","EUGENE 2.5 NE, OR US","    0",",,N","    0",",,N",,,,,,
"US1ORLA0011","2008-08-09","44.080663","-123.08099","128.3","EUGENE 2.5 NE, OR US","    8",",,N","    0",",,N",,,,,,
"US1ORLA0011","2008-08-10","44.080663","-123.08099","128.3","EUGENE 2.5 NE, OR US","    3",",,N","    0",",,N",,,,,,
"US1ORLA0011","2008-08-11","44.080663","-123.08099","128.3","EUGENE 2.5 NE, OR US","    0",",,N","    0",",,N",,,,,,
"US1ORLA0011","2008-08-12","44.080663","-123.08099","128.3","EUGENE 2.5 NE, OR US","    0",",,N","    0",",,N",,,,,,
"US1ORLA0011","2008-08-13","44.080663","-123.08099","128.3","EUGENE 2.5 NE, OR US","    0",",,N","    0",",,N",,,,,,
"US1ORLA0011","2008-08-17","44.080663","-123.08099","128.3","EUGENE 2.5 NE, OR US",,,,,,,"    4",",,N","    0",",,N"
"US1ORLA0011","2008-08-18","44.080663","-123.08099","128.3","EUGENE 2.5 NE, OR US","   13",",,N","    0",",,N",,,,,,
"US1ORLA0011","2008-08-19","44.080663","-123.08099","128.3","EUGENE 2.5 NE, OR US","    0","T,,N","    0",",,N",,,,,,
"US1ORLA0011","2008-08-20","44.080663","-123.08099","128.3","EUGENE 2.5 NE, OR US","   18",",,N","    0",",,N",,,,,,
"US1ORLA0011","2008-08-21","44.080663","-123.08099","128.3","EUGENE 2.5 NE, OR US","    8",",,N","    0",",,N",,,,,,
"US1ORLA0011","2008-08-22","44.080663","-123.08099","128.3","EUGENE 2.5 NE, OR US","    5",",,N","    0",",,N",,,,,,
"US1ORLA0011","2008-08-23","44.080663","-123.08099","128.3","EUGENE 2.5 NE, OR US","    0",",,N","    0",",,N",,,,,,
"US1ORLA0011","2008-08-25","44.080663","-123.08099","128.3","EUGENE 2.5 NE, OR US","  160",",,N","    0",",,N",,,,,,
"US1ORLA0011","2008-08-26","44.080663","-123.08099","128.3","EUGENE 2.5 NE, OR US","    0",",,N","    0",",,N",,,,,,
"US1ORLA0011","2008-08-27","44.080663","-123.08099","128.3","EUGENE 2.5 NE, OR US","    0",",,N","    0",",,N",,,,,,
"US1ORLA0011","2008-08-28","44.080663","-123.08099","128.3","EUGENE 2.5 NE, OR US","    0",",,N","    0",",,N",,,,,,
"US1ORLA0011","2008-08-29","44.080663","-123.08099","128.3","EUGENE 2.5 NE, OR US","    0",",,N","    0",",,N",,,,,,
"US1ORLA0011","2008-08-30","44.080663","-123.08099","128.3","EUGENE 2.5 NE, OR US","   10",",,N","    0",",,N",,,,,,
"US1ORLA0011","2008-08-31","44.080663","-123.08099","128.3","EUGENE 2.5 NE, OR US","    0",",,N","    0",",,N",,,,,,
"US1ORLA0011","2008-09-01","44.080663","-123.08099","128.3","EUGENE 2.5 NE, OR US","   33",",,N","    0",",,N",,,,,,
"US1ORLA0011","2008-09-02","44.080663","-123.08099","128.3","EUGENE 2.5 NE, OR US","    0",",,N","    0",",,N",,,,,,
"US1ORLA0011","2008-09-03","44.080663","-123.08099","128.3","EUGENE 2.5 NE, OR US","    0",",,N","    0",",,N",,,,,,
"US1ORLA0011","2008-09-04","44.080663","-123.08099","128.3","EUGENE 2.5 NE, OR US","    0",",,N","    0",",,N",,,,,,
"US1ORLA0011","2008-09-08","44.080663","-123.08099","128.3","EUGENE 2.5 NE, OR US",,,,,,,"    4",",,N","    0",",,N"
"US1ORLA0011","2008-09-09","44.080663","-123.08099","128.3","EUGENE 2.5 NE, OR US","    0",",,N","    0",",,N",,,,,,
"US1ORLA0011","2008-09-10","44.080663","-123.08099","128.3","EUGENE 2.5 NE, OR US","    0",",,N","    0",",,N",,,,,,
"US1ORLA0011","2008-09-11","44.080663","-123.08099","128.3","EUGENE 2.5 NE, OR US","    0",",,N","    0",",,N",,,,,,
"US1ORLA0011","2008-09-12","44.080663","-123.08099","128.3","EUGENE 2.5 NE, OR US","    0",",,N","    0",",,N",,,,,,
"US1ORLA0011","2008-09-14","44.080663","-123.08099","128.3","EUGENE 2.5 NE, OR US","    0",",,N","    0",",,N",,,,,,
"US1ORLA0011","2008-09-15","44.080663","-123.08099","128.3","EUGENE 2.5 NE, OR US","    0",",,N","    0",",,N",,,,,,
"US1ORLA0011","2008-09-16","44.080663","-123.08099","128.3","EUGENE 2.5 NE, OR US","    0",",,N","    0",",,N",,,,,,
"US1ORLA0011","2008-09-17","44.080663","-123.08099","128.3","EUGENE 2.5 NE, OR US","    0",",,N","    0",",,N",,,,,,
"US1ORLA0011","2008-09-18","44.080663","-123.08099","128.3","EUGENE 2.5 NE, OR US","    0",",,N","    0",",,N",,,,,,
"US1ORLA0011","2008-09-19","44.080663","-123.08099","128.3","EUGENE 2.5 NE, OR US","    0",",,N","    0",",,N",,,,,,
"US1ORLA0011","2008-09-20","44.080663","-123.08099","128.3","EUGENE 2.5 NE, OR US","    0",",,N","    0",",,N",,,,,,
"US1ORLA0011","2008-09-21","44.080663","-123.08099","128.3","EUGENE 2.5 NE, OR US","    0",",,N","    0",",,N",,,,,,
"US1ORLA0011","2008-09-22","44.080663","-123.08099","128.3","EUGENE 2.5 NE, OR US","   53",",,N","    0",",,N",,,,,,
"US1ORLA0011","2008-09-23","44.080663","-123.08099","128.3","EUGENE 2.5 NE, OR US","   10",",,N","    0",",,N",,,,,,
"US1ORLA0011","2008-09-25","44.080663","-123.08099","128.3","EUGENE 2.5 NE, OR US","   23",",,N","    0",",,N",,,,,,
"US1ORLA0011","2008-09-26","44.080663","-123.08099","128.3","EUGENE 2.5 NE, OR US","    0",",,N","    0",",,N",,,,,,
"US1ORLA0011","2008-09-27","44.080663","-123.08099","128.3","EUGENE 2.5 NE, OR US","    0",",,N","    0",",,N",,,,,,
"US1ORLA0011","2008-09-28","44.080663","-123.08099","128.3","EUGENE 2.5 NE, OR US","    0",",,N","    0",",,N",,,,,,
"US1ORLA0011","2008-09-29","44.080663","-123.08099","128.3","EUGENE 2.5 NE, OR US","    0",",,N","    0",",,N",,,,,,
"US1ORLA0011","2008-10-04","44.080663","-123.08099","128.3","EUGENE 2.5 NE, OR US",,,,,,,"    4",",,N","  236",",,N"
"US1ORLA0011","2008-10-05","44.080663","-123.08099","128.3","EUGENE 2.5 NE, OR US","   64",",,N","    0",",,N",,,,,,
"US1ORLA0011","2008-10-06","44.080663","-123.08099","128.3","EUGENE 2.5 NE, OR US","   13",",,N","    0",",,N",,,,,,
"US1ORLA0011","2008-10-07","44.080663","-123.08099","128.3","EUGENE 2.5 NE, OR US","   43",",,N","    0",",,N",,,,,,
"US1ORLA0011","2008-10-08","44.080663","-123.08099","128.3","EUGENE 2.5 NE, OR US","    0",",,N","    0",",,N",,,,,,
"US1ORLA0011","2008-10-09","44.080663","-123.08099","128.3","EUGENE 2.5 NE, OR US","    0",",,N","    0",",,N",,,,,,
"US1ORLA0011","2008-10-10","44.080663","-123.08099","128.3","EUGENE 2.5 NE, OR US","   13",",,N","    0",",,N",,,,,,
"US1ORLA0011","2008-10-11","44.080663","-123.08099","128.3","EUGENE 2.5 NE, OR US","    3",",,N","    0",",,N",,,,,,
"US1ORLA0011","2008-10-12","44.080663","-123.08099","128.3","EUGENE 2.5 NE, OR US","    0",",,N","    0",",,N",,,,,,
"US1ORLA0011","2008-10-13","44.080663","-123.08099","128.3","EUGENE 2.5 NE, OR US","    0",",,N","    0",",,N",,,,,,
"US1ORLA0011","2008-10-14","44.080663","-123.08099","128.3","EUGENE 2.5 NE, OR US","    0",",,N","    0",",,N",,,,,,
"US1ORLA0011","2008-10-15","44.080663","-123.08099","128.3","EUGENE 2.5 NE, OR US","    0",",,N","    0",",,N",,,,,,
"US1ORLA0011","2008-10-18","44.080663","-123.08099","128.3","EUGENE 2.5 NE, OR US",,,,,,,"    3",",,N","    5",",,N"
"US1ORLA0011","2008-10-19","44.080663","-123.08099","128.3","EUGENE 2.5 NE, OR US","    0",",,N","    0",",,N",,,,,,
"US1ORLA0011","2008-10-20","44.080663","-123.08099","128.3","EUGENE 2.5 NE, OR US","    0",",,N","    0",",,N",,,,,,
"US1ORLA0011","2008-10-21","44.080663","-123.08099","128.3","EUGENE 2.5 NE, OR US","   36",",,N","    0",",,N",,,,,,
"US1ORLA0011","2008-10-22","44.080663","-123.08099","128.3","EUGENE 2.5 NE, OR US","    0",",,N","    0",",,N",,,,,,
"US1ORLA0011","2008-10-23","44.080663","-123.08099","128.3","EUGENE 2.5 NE, OR US","    0",",,N","    0",",,N",,,,,,
"US1ORLA0011","2008-10-24","44.080663","-123.08099","128.3","EUGENE 2.5 NE, OR US","    0",",,N","    0",",,N",,,,,,
"US1ORLA0011","2008-10-25","44.080663","-123.08099","128.3","EUGENE 2.5 NE, OR US","    0",",,N","    0",",,N",,,,,,
"US1ORLA0011","2008-10-26","44.080663","-123.08099","128.3","EUGENE 2.5 NE, OR US","    0",",,N","    0",",,N",,,,,,
"US1ORLA0011","2008-10-27","44.080663","-123.08099","128.3","EUGENE 2.5 NE, OR US","    0",",,N","    0",",,N",,,,,,
"US1ORLA0011","2008-10-28","44.080663","-123.08099","128.3","EUGENE 2.5 NE, OR US","    0",",,N","    0",",,N",,,,,,
"US1ORLA0011","2008-10-29","44.080663","-123.08099","128.3","EUGENE 2.5 NE, OR US","    0",",,N","    0",",,N",,,,,,
"US1ORLA0011","2008-10-30","44.080663","-123.08099","128.3","EUGENE 2.5 NE, OR US","    0",",,N","    0",",,N",,,,,,
"US1ORLA0011","2008-10-31","44.080663","-123.08099","128.3","EUGENE 2.5 NE, OR US","   33",",,N","    0",",,N",,,,,,
"US1ORLA0011","2008-11-01","44.080663","-123.08099","128.3","EUGENE 2.5 NE, OR US","   33",",,N","    0",",,N",,,,,,
"US1ORLA0011","2008-11-02","44.080663","-123.08099","128.3","EUGENE 2.5 NE, OR US","   58",",,N","    0",",,N",,,,,,
"US1ORLA0011","2008-11-03","44.080663","-123.08099","128.3","EUGENE 2.5 NE, OR US","  119",",,N","    0",",,N",,,,,,
"US1ORLA0011","2008-11-04","44.080663","-123.08099","128.3","EUGENE 2.5 NE, OR US","  246",",,N","    0",",,N",,,,,,
"US1ORLA0011","2008-11-05","44.080663","-123.08099","128.3","EUGENE 2.5 NE, OR US","   71",",,N","    0",",,N",,,,,,
"US1ORLA0011","2008-11-06","44.080663","-123.08099","128.3","EUGENE 2.5 NE, OR US","  107",",,N","    0",",,N",,,,,,
"US1ORLA0011","2008-11-07","44.080663","-123.08099","128.3","EUGENE 2.5 NE, OR US","    3",",,N","    0",",,N",,,,,,
"US1ORLA0011","2008-11-08","44.080663","-123.08099","128.3","EUGENE 2.5 NE, OR US","    0",",,N","    0",",,N",,,,,,
"US1ORLA0011","2008-11-09","44.080663","-123.08099","128.3","EUGENE 2.5 NE, OR US","  104",",,N","    0",",,N",,,,,,
"US1ORLA0011","2008-11-10","44.080663","-123.08099","128.3","EUGENE 2.5 NE, OR US","   20",",,N","    0",",,N",,,,,,
"US1ORLA0011","2008-11-11","44.080663","-123.08099","128.3","EUGENE 2.5 NE, OR US","   84",",,N","    0",",,N",,,,,,
"US1ORLA0011","2008-11-12","44.080663","-123.08099","128.3","EUGENE 2.5 NE, OR US","   61",",,N","    0",",,N",,,,,,
"US1ORLA0011","2008-11-13","44.080663","-123.08099","128.3","EUGENE 2.5 NE, OR US","  117",",,N","    0",",,N",,,,,,
"US1ORLA0011","2008-11-14","44.080663","-123.08099","128.3","EUGENE 2.5 NE, OR US","    3",",,N","    0",",,N",,,,,,
"US1ORLA0011","2008-11-15","44.080663","-123.08099","128.3","EUGENE 2.5 NE, OR US","    0",",,N","    0",",,N",,,,,,
"US1ORLA0011","2008-11-16","44.080663","-123.08099","128.3","EUGENE 2.5 NE, OR US","    0",",,N","    0",",,N",,,,,,
"US1ORLA0011","2008-11-17","44.080663","-123.08099","128.3","EUGENE 2.5 NE, OR US","    0",",,N","    0",",,N",,,,,,
"US1ORLA0011","2008-11-18","44.080663","-123.08099","128.3","EUGENE 2.5 NE, OR US","    0",",,N","    0",",,N",,,,,,
"US1ORLA0011","2008-11-19","44.080663","-123.08099","128.3","EUGENE 2.5 NE, OR US","    0",",,N","    0",",,N",,,,,,
"US1ORLA0011","2008-11-20","44.080663","-123.08099","128.3","EUGENE 2.5 NE, OR US","   33",",,N","    0",",,N",,,,,,
"US1ORLA0011","2008-11-21","44.080663","-123.08099","128.3","EUGENE 2.5 NE, OR US","   46",",,N","    0",",,N",,,,,,
"US1ORLA0011","2008-11-22","44.080663","-123.08099","128.3","EUGENE 2.5 NE, OR US","   69",",,N","    0",",,N",,,,,,
"US1ORLA0011","2008-11-23","44.080663","-123.08099","128.3","EUGENE 2.5 NE, OR US","    0",",,N","    0",",,N",,,,,,
"US1ORLA0011","2008-11-24","44.080663","-123.08099","128.3","EUGENE 2.5 NE, OR US","    0",",,N","    0",",,N",,,,,,
"US1ORLA0011","2008-11-25","44.080663","-123.08099","128.3","EUGENE 2.5 NE, OR US","    0",",,N","    0",",,N",,,,,,
"US1ORLA0011","2008-11-26","44.080663","-123.08099","128.3","EUGENE 2.5 NE, OR US","    3",",,N","    0",",,N",,,,,,
"US1ORLA0011","2008-11-27","44.080663","-123.08099","128.3","EUGENE 2.5 NE, OR US","    0",",,N","    0",",,N",,,,,,
"US1ORLA0011","2008-11-28","44.080663","-123.08099","128.3","EUGENE 2.5 NE, OR US","   18",",,N","    0",",,N",,,,,,
"US1ORLA0011","2008-11-29","44.080663","-123.08099","128.3","EUGENE 2.5 NE, OR US","    0",",,N","    0",",,N",,,,,,
"US1ORLA0011","2008-11-30","44.080663","-123.08099","128.3","EUGENE 2.5 NE, OR US","    5",",,N","    0",",,N",,,,,,
"US1ORLA0011","2008-12-01","44.080663","-123.08099","128.3","EUGENE 2.5 NE, OR US","    3",",,N","    0",",,N",,,,,,
"US1ORLA0011","2008-12-02","44.080663","-123.08099","128.3","EUGENE 2.5 NE, OR US","   33",",,N","    0",",,N",,,,,,
"US1ORLA0011","2008-12-03","44.080663","-123.08099","128.3","EUGENE 2.5 NE, OR US","    0","T,,N","    0",",,N",,,,,,
"US1ORLA0011","2008-12-04","44.080663","-123.08099","128.3","EUGENE 2.5 NE, OR US","    0",",,N","    0",",,N",,,,,,
"US1ORLA0011","2008-12-05","44.080663","-123.08099","128.3","EUGENE 2.5 NE, OR US","    0",",,N","    0",",,N",,,,,,
"US1ORLA0011","2008-12-06","44.080663","-123.08099","128.3","EUGENE 2.5 NE, OR US","    0",",,N","    0",",,N",,,,,,
"US1ORLA0011","2008-12-07","44.080663","-123.08099","128.3","EUGENE 2.5 NE, OR US","    0",",,N","    0",",,N",,,,,,
"US1ORLA0011","2008-12-08","44.080663","-123.08099","128.3","EUGENE 2.5 NE, OR US","   28",",,N","    0",",,N",,,,,,
"US1ORLA0011","2008-12-09","44.080663","-123.08099","128.3","EUGENE 2.5 NE, OR US","    0",",,N","    0",",,N",,,,,,
"US1ORLA0011","2008-12-10","44.080663","-123.08099","128.3","EUGENE 2.5 NE, OR US","    0",",,N","    0",",,N",,,,,,
"US1ORLA0011","2008-12-11","44.080663","-123.08099","128.3","EUGENE 2.5 NE, OR US","    0",",,N","    0",",,N",,,,,,
"US1ORLA0011","2008-12-12","44.080663","-123.08099","128.3","EUGENE 2.5 NE, OR US","    0",",,N","    0",",,N",,,,,,
"US1ORLA0011","2008-12-13","44.080663","-123.08099","128.3","EUGENE 2.5 NE, OR US","  127",",,N","    0",",,N",,,,,,
"US1ORLA0011","2008-12-14","44.080663","-123.08099","128.3","EUGENE 2.5 NE, OR US","   33",",,N","    0",",,N",,,,,,
"US1ORLA0011","2008-12-15","44.080663","-123.08099","128.3","EUGENE 2.5 NE, OR US","   18",",,N","   71",",,N","   71",",,N",,,,
"US1ORLA0011","2008-12-16","44.080663","-123.08099","128.3","EUGENE 2.5 NE, OR US","    0",",,N","    0",",,N",,,,,,
"US1ORLA0011","2008-12-17","44.080663","-123.08099","128.3","EUGENE 2.5 NE, OR US","    0",",,N","    0",",,N",,,,,,
"US1ORLA0011","2008-12-18","44.080663","-123.08099","128.3","EUGENE 2.5 NE, OR US","   89",",,N",,,,,,,,
"US1ORLA0011","2008-12-19","44.080663","-123.08099","128.3","EUGENE 2.5 NE, OR US","   64",",,N","   64",",,N",,,,,,
"US1ORLA0011","2008-12-20","44.080663","-123.08099","128.3","EUGENE 2.5 NE, OR US","   71",",,N",,,,,,,,
"US1ORLA0011","2008-12-21","44.080663","-123.08099","128.3","EUGENE 2.5 NE, OR US","  140",",,N",,,,,,,,
"US1ORLA0011","2008-12-22","44.080663","-123.08099","128.3","EUGENE 2.5 NE, OR US","   84",",,N",,,,,,,,
"US1ORLA0011","2008-12-23","44.080663","-123.08099","128.3","EUGENE 2.5 NE, OR US","   23",",,N",,,,,,,,
"US1ORLA0011","2008-12-24","44.080663","-123.08099","128.3","EUGENE 2.5 NE, OR US","   20",",,N",,,,,,,,
"US1ORLA0011","2008-12-25","44.080663","-123.08099","128.3","EUGENE 2.5 NE, OR US","  130",",,N",,,,,,,,
"US1ORLA0011","2008-12-26","44.080663","-123.08099","128.3","EUGENE 2.5 NE, OR US","   25",",,N",,,,,,,,
"US1ORLA0011","2008-12-27","44.080663","-123.08099","128.3","EUGENE 2.5 NE, OR US","   58",",,N",,,,,,,,
"US1ORLA0011","2008-12-28","44.080663","-123.08099","128.3","EUGENE 2.5 NE, OR US","  130",",,N",,,,,,,,
"US1ORLA0011","2008-12-29","44.080663","-123.08099","128.3","EUGENE 2.5 NE, OR US","  175",",,N",,,,,,,,
"US1ORLA0011","2008-12-30","44.080663","-123.08099","128.3","EUGENE 2.5 NE, OR US","   33",",,N",,,,,,,,
"US1ORLA0011","2008-12-31","44.080663","-123.08099","128.3","EUGENE 2.5 NE, OR US","   18",",,N",,,,,,,,
"US1ORLA0011","2009-01-01","44.080663","-123.08099","128.3","EUGENE 2.5 NE, OR US","   23",",,N",,,,,,,,
"US1ORLA0011","2009-01-02","44.080663","-123.08099","128.3","EUGENE 2.5 NE, OR US","  213",",,N",,,,,,,,
"US1ORLA0011","2009-01-03","44.080663","-123.08099","128.3","EUGENE 2.5 NE, OR US","   18",",,N",,,,,,,,
"US1ORLA0011","2009-01-04","44.080663","-123.08099","128.3","EUGENE 2.5 NE, OR US","    8",",,N",,,,,,,,
"US1ORLA0011","2009-01-05","44.080663","-123.08099","128.3","EUGENE 2.5 NE, OR US","   48",",,N",,,,,,,,
"US1ORLA0011","2009-01-12","44.080663","-123.08099","128.3","EUGENE 2.5 NE, OR US",,,,,,,"    7",",,N","  160",",,N"
"US1ORLA0011","2009-01-13","44.080663","-123.08099","128.3","EUGENE 2.5 NE, OR US","    8",",,N",,,,,,,,
"US1ORLA0011","2009-01-14","44.080663","-123.08099","128.3","EUGENE 2.5 NE, OR US","    3",",,N",,,,,,,,
"US1ORLA0011","2009-01-15","44.080663","-123.08099","128.3","EUGENE 2.5 NE, OR US","    0",",,N","    0",",,N",,,,,,
"US1ORLA0011","2009-01-16","44.080663","-123.08099","128.3","EUGENE 2.5 NE, OR US","    0",",,N","    0",",,N",,,,,,
"US1ORLA0011","2009-01-17","44.080663","-123.08099","128.3","EUGENE 2.5 NE, OR US","    0",",,N","    0",",,N",,,,,,
"US1ORLA0011","2009-01-18","44.080663","-123.08099","128.3","EUGENE 2.5 NE, OR US","    0",",,N","    0",",,N",,,,,,
"US1ORLA0011","2009-01-19","44.080663","-123.08099","128.3","EUGENE 2.5 NE, OR US","    0",",,N","    0",",,N",,,,,,
"US1ORLA0011","2009-01-20","44.080663","-123.08099","128.3","EUGENE 2.5 NE, OR US","    0",",,N","    0",",,N",,,,,,
"US1ORLA0011","2009-01-21","44.080663","-123.08099","128.3","EUGENE 2.5 NE, OR US","    0",",,N","    0",",,N",,,,,,
"US1ORLA0011","2009-01-22","44.080663","-123.08099","128.3","EUGENE 2.5 NE, OR US","    0",",,N","    0",",,N",,,,,,
"US1ORLA0011","2009-01-23","44.080663","-123.08099","128.3","EUGENE 2.5 NE, OR US","    0",",,N","    0",",,N",,,,,,
"US1ORLA0011","2009-01-24","44.080663","-123.08099","128.3","EUGENE 2.5 NE, OR US","   10",",,N",,,,,,,,
"US1ORLA0011","2009-01-25","44.080663","-123.08099","128.3","EUGENE 2.5 NE, OR US","   81",",,N",,,,,,,,
"US1ORLA0011","2009-01-26","44.080663","-123.08099","128.3","EUGENE 2.5 NE, OR US","   13",",,N",,,,,,,,
"US1ORLA0011","2009-01-27","44.080663","-123.08099","128.3","EUGENE 2.5 NE, OR US","    0",",,N","    0",",,N",,,,,,
"US1ORLA0011","2009-02-08","44.080663","-123.08099","128.3","EUGENE 2.5 NE, OR US",,,,,,,"   12",",,N","  135",",,N"
"US1ORLA0011","2009-02-09","44.080663","-123.08099","128.3","EUGENE 2.5 NE, OR US","    5",",,N",,,,,,,,
"US1ORLA0011","2009-02-10","44.080663","-123.08099","128.3","EUGENE 2.5 NE, OR US","    8",",,N",,,,,,,,
"US1ORLA0011","2009-02-11","44.080663","-123.08099","128.3","EUGENE 2.5 NE, OR US","   18",",,N",,,,,,,,
"US1ORLA0011","2009-02-12","44.080663","-123.08099","128.3","EUGENE 2.5 NE, OR US","    0",",,N","    0",",,N",,,,,,
"US1ORLA0011","2009-02-13","44.080663","-123.08099","128.3","EUGENE 2.5 NE, OR US","   36",",,N",,,,,,,,
"US1ORLA0011","2009-02-14","44.080663","-123.08099","128.3","EUGENE 2.5 NE, OR US","   28",",,N",,,,,,,,
"US1ORLA0011","2009-02-15","44.080663","-123.08099","128.3","EUGENE 2.5 NE, OR US","   25",",,N",,,,,,,,
"US1ORLA0011","2009-02-16","44.080663","-123.08099","128.3","EUGENE 2.5 NE, OR US","    5",",,N",,,,,,,,
"US1ORLA0011","2009-02-17","44.080663","-123.08099","128.3","EUGENE 2.5 NE, OR US","   58",",,N",,,,,,,,
"US1ORLA0011","2009-02-22","44.080663","-123.08099","128.3","EUGENE 2.5 NE, OR US",,,,,,,"    5",",,N","   23",",,N"
"US1ORLA0011","2009-02-23","44.080663","-123.08099","128.3","EUGENE 2.5 NE, OR US","  150",",,N",,,,,,,,
"US1ORLA0011","2009-02-24","44.080663","-123.08099","128.3","EUGENE 2.5 NE, OR US","  244",",,N",,,,,,,,
"US1ORLA0011","2009-02-25","44.080663","-123.08099","128.3","EUGENE 2.5 NE, OR US","  160",",,N",,,,,,,,
"US1ORLA0011","2009-02-26","44.080663","-123.08099","128.3","EUGENE 2.5 NE, OR US","  163",",,N",,,,,,,,
"US1ORLA0011","2009-02-27","44.080663","-123.08099","128.3","EUGENE 2.5 NE, OR US","    5",",,N",,,,,,,,
"US1ORLA0011","2009-02-28","44.080663","-123.08099","128.3","EUGENE 2.5 NE, OR US","    0","T,,N",,,,,,,,
"US1ORLA0011","2009-03-01","44.080663","-123.08099","128.3","EUGENE 2.5 NE, OR US","    0",",,N","    0",",,N",,,,,,
"US1ORLA0011","2009-03-02","44.080663","-123.08099","128.3","EUGENE 2.5 NE, OR US","  122",",,N",,,,,,,,
"US1ORLA0011","2009-03-03","44.080663","-123.08099","128.3","EUGENE 2.5 NE, OR US","   20",",,N",,,,,,,,
"US1ORLA0011","2009-03-04","44.080663","-123.08099","128.3","EUGENE 2.5 NE, OR US","    0",",,N","    0",",,N",,,,,,
"US1ORLA0011","2009-03-05","44.080663","-123.08099","128.3","EUGENE 2.5 NE, OR US","   13",",,N",,,,,,,,
"US1ORLA0011","2009-03-07","44.080663","-123.08099","128.3","EUGENE 2.5 NE, OR US","   74",",,N",,,,,,,,
"US1ORLA0011","2009-03-08","44.080663","-123.08099","128.3","EUGENE 2.5 NE, OR US","   10",",,N",,,,,,,,
"US1ORLA0011","2009-03-09","44.080663","-123.08099","128.3","EUGENE 2.5 NE, OR US","   33",",,N",,,,,,,,
"US1ORLA0011","2009-03-11","44.080663","-123.08099","128.3","EUGENE 2.5 NE, OR US","    0",",,N","    0",",,N",,,,,,
"US1ORLA0011","2009-03-13","44.080663","-123.08099","128.3","EUGENE 2.5 NE, OR US","    0",",,N","    0",",,N",,,,,,
"US1ORLA0011","2009-03-14","44.080663","-123.08099","128.3","EUGENE 2.5 NE, OR US","    0",",,N","    0",",,N",,,,,,
"US1ORLA0011","2009-03-15","44.080663","-123.08099","128.3","EUGENE 2.5 NE, OR US","   74",",,N",,,,,,,,
"US1ORLA0011","2009-03-16","44.080663","-123.08099","128.3","EUGENE 2.5 NE, OR US","  170",",,N",,,,,,,,
"US1ORLA0011","2009-03-17","44.080663","-123.08099","128.3","EUGENE 2.5 NE, OR US","   81",",,N",,,,,,,,
"US1ORLA0011","2009-03-18","44.080663","-123.08099","128.3","EUGENE 2.5 NE, OR US","   15",",,N",,,,,,,,
"US1ORLA0011","2009-03-19","44.080663","-123.08099","128.3","EUGENE 2.5 NE, OR US","    0",",,N","    0",",,N",,,,,,
"US1ORLA0011","2009-03-20","44.080663","-123.08099","128.3","EUGENE 2.5 NE, OR US","   10",",,N",,,,,,,,
"US1ORLA0011","2009-03-21","44.080663","-123.08099","128.3","EUGENE 2.5 NE, OR US","    8",",,N",,,,,,,,
"US1ORLA0011","2009-03-23","44.080663","-123.08099","128.3","EUGENE 2.5 NE, OR US",,,,,,,"    2",",,N","  104",",,N"
"US1ORLA0011","2009-03-25","44.080663","-123.08099","128.3","EUGENE 2.5 NE, OR US","   23",",,N",,,,,,,,
"US1ORLA0011","2009-03-26","44.080663","-123.08099","128.3","EUGENE 2.5 NE, OR US","   18",",,N",,,,,,,,
"US1ORLA0011","2009-03-27","44.080663","-123.08099","128.3","EUGENE 2.5 NE, OR US","    0",",,N","    0",",,N",,,,,,
"US1ORLA0011","2009-03-29","44.080663","-123.08099","128.3","EUGENE 2.5 NE, OR US","   53",",,N",,,,,,,,
"US1ORLA0011","2009-03-30","44.080663","-123.08099","128.3","EUGENE 2.5 NE, OR US","   15",",,N",,,,,,,,
"US1ORLA0011","2009-03-31","44.080663","-123.08099","128.3","EUGENE 2.5 NE, OR US","    0",",,N","    0",",,N",,,,,,
"US1ORLA0011","2009-04-01","44.080663","-123.08099","128.3","EUGENE 2.5 NE, OR US","    5",",,N",,,,,,,,
"US1ORLA0011","2009-04-02","44.080663","-123.08099","128.3","EUGENE 2.5 NE, OR US","   28",",,N",,,,,,,,
"US1ORLA0011","2009-04-03","44.080663","-123.08099","128.3","EUGENE 2.5 NE, OR US","   13",",,N",,,,,,,,
"US1ORLA0011","2009-04-04","44.080663","-123.08099","128.3","EUGENE 2.5 NE, OR US","   20",",,N",,,,,,,,
"US1ORLA0011","2009-04-06","44.080663","-123.08099","128.3","EUGENE 2.5 NE, OR US","    0",",,N","    0",",,N",,,,,,
"US1ORLA0011","2009-04-07","44.080663","-123.08099","128.3","EUGENE 2.5 NE, OR US","    0",",,N","    0",",,N",,,,,,
"US1ORLA0011","2009-04-08","44.080663","-123.08099","128.3","EUGENE 2.5 NE, OR US","    0","T,,N",,,,,,,,
"US1ORLA0011","2009-04-09","44.080663","-123.08099","128.3","EUGENE 2.5 NE, OR US","   20",",,N",,,,,,,,
"US1ORLA0011","2009-04-10","44.080663","-123.08099","128.3","EUGENE 2.5 NE, OR US","   58",",,N",,,,,,,,
"US1ORLA0011","2009-04-11","44.080663","-123.08099","128.3","EUGENE 2.5 NE, OR US","    0",",,N","    0",",,N",,,,,,
"US1ORLA0011","2009-04-13","44.080663","-123.08099","128.3","EUGENE 2.5 NE, OR US","   51",",,N",,,,,,,,
"US1ORLA0011","2009-04-14","44.080663","-123.08099","128.3","EUGENE 2.5 NE, OR US","   66",",,N",,,,,,,,
"US1ORLA0011","2009-04-22","44.080663","-123.08099","128.3","EUGENE 2.5 NE, OR US","    0",",,N","    0",",,N",,,,,,
"US1ORLA0011","2009-04-23","44.080663","-123.08099","128.3","EUGENE 2.5 NE, OR US","    0",",,N","    0",",,N",,,,,,
"US1ORLA0011","2009-04-24","44.080663","-123.08099","128.3","EUGENE 2.5 NE, OR US","    0",",,N","    0",",,N",,,,,,
"US1ORLA0011","2009-04-25","44.080663","-123.08099","128.3","EUGENE 2.5 NE, OR US","    0",",,N","    0",",,N",,,,,,
"US1ORLA0011","2009-04-26","44.080663","-123.08099","128.3","EUGENE 2.5 NE, OR US","    8",",,N",,,,,,,,
"US1ORLA0011","2009-04-27","44.080663","-123.08099","128.3","EUGENE 2.5 NE, OR US","    0",",,N","    0",",,N",,,,,,
"US1ORLA0011","2009-04-28","44.080663","-123.08099","128.3","EUGENE 2.5 NE, OR US","   15",",,N",,,,,,,,
"US1ORLA0011","2009-04-29","44.080663","-123.08099","128.3","EUGENE 2.5 NE, OR US","   89",",,N",,,,,,,,
"US1ORLA0011","2009-04-30","44.080663","-123.08099","128.3","EUGENE 2.5 NE, OR US","    5",",,N",,,,,,,,
"US1ORLA0011","2009-05-01","44.080663","-123.08099","128.3","EUGENE 2.5 NE, OR US","    0",",,N","    0",",,N",,,,,,
"US1ORLA0011","2009-05-04","44.080663","-123.08099","128.3","EUGENE 2.5 NE, OR US","   30",",,N",,,,,,,,
"US1ORLA0011","2009-05-05","44.080663","-123.08099","128.3","EUGENE 2.5 NE, OR US","  226",",,N",,,,,,,,
"US1ORLA0011","2009-05-06","44.080663","-123.08099","128.3","EUGENE 2.5 NE, OR US","  155",",,N",,,,,,,,
"US1ORLA0011","2009-10-27","44.080663","-123.08099","128.3","EUGENE 2.5 NE, OR US","  137",",,N",,,,,,,,
"US1ORLA0011","2009-10-28","44.080663","-123.08099","128.3","EUGENE 2.5 NE, OR US","   38",",,N",,,,,,,,
"US1ORLA0011","2009-10-29","44.080663","-123.08099","128.3","EUGENE 2.5 NE, OR US","   18",",,N",,,,,,,,
"US1ORLA0011","2009-10-30","44.080663","-123.08099","128.3","EUGENE 2.5 NE, OR US","  119",",,N",,,,,,,,
"US1ORLA0011","2009-10-31","44.080663","-123.08099","128.3","EUGENE 2.5 NE, OR US","   28",",,N",,,,,,,,
"US1ORLA0011","2009-11-10","44.080663","-123.08099","128.3","EUGENE 2.5 NE, OR US","   66",",,N",,,,,,,,
"US1ORLA0011","2009-11-11","44.080663","-123.08099","128.3","EUGENE 2.5 NE, OR US","   61",",,N",,,,,,,,
"US1ORLA0011","2009-11-12","44.080663","-123.08099","128.3","EUGENE 2.5 NE, OR US","   81",",,N",,,,,,,,
"US1ORLA0011","2009-11-13","44.080663","-123.08099","128.3","EUGENE 2.5 NE, OR US","   20",",,N",,,,,,,,
"US1ORLA0011","2009-11-14","44.080663","-123.08099","128.3","EUGENE 2.5 NE, OR US","   28",",,N",,,,,,,,
"US1ORLA0011","2009-11-15","44.080663","-123.08099","128.3","EUGENE 2.5 NE, OR US","    3",",,N",,,,,,,,
"US1ORLA0011","2009-11-17","44.080663","-123.08099","128.3","EUGENE 2.5 NE, OR US","  160",",,N",,,,,,,,
"US1ORLA0011","2009-11-18","44.080663","-123.08099","128.3","EUGENE 2.5 NE, OR US","   56",",,N",,,,,,,,
"US1ORLA0011","2009-11-19","44.080663","-123.08099","128.3","EUGENE 2.5 NE, OR US","    8",",,N",,,,,,,,
"US1ORLA0011","2009-11-20","44.080663","-123.08099","128.3","EUGENE 2.5 NE, OR US","   28",",,N",,,,,,,,
"US1ORLA0011","2009-11-21","44.080663","-123.08099","128.3","EUGENE 2.5 NE, OR US","  178",",,N",,,,,,,,
"US1ORLA0011","2009-11-22","44.080663","-123.08099","128.3","EUGENE 2.5 NE, OR US","  109",",,N",,,,,,,,
"US1ORLA0011","2009-11-23","44.080663","-123.08099","128.3","EUGENE 2.5 NE, OR US","    8",",,N",,,,,,,,
"US1ORLA0011","2009-11-24","44.080663","-123.08099","128.3","EUGENE 2.5 NE, OR US","    0",",,N","    0",",,N",,,,,,
"US1ORLA0011","2009-11-25","44.080663","-123.08099","128.3","EUGENE 2.5 NE, OR US","    0",",,N","    0",",,N",,,,,,
"US1ORLA0011","2009-11-26","44.080663","-123.08099","128.3","EUGENE 2.5 NE, OR US","    0",",,N","    0",",,N",,,,,,
"US1ORLA0011","2009-11-27","44.080663","-123.08099","128.3","EUGENE 2.5 NE, OR US","  264",",,N",,,,,,,,
"US1ORLA0011","2009-11-28","44.080663","-123.08099","128.3","EUGENE 2.5 NE, OR US","   43",",,N",,,,,,,,
"US1ORLA0011","2009-11-29","44.080663","-123.08099","128.3","EUGENE 2.5 NE, OR US","    0",",,N","    0",",,N",,,,,,
"US1ORLA0011","2009-12-04","44.080663","-123.08099","128.3","EUGENE 2.5 NE, OR US","    0",",,N","    0",",,N",,,,,,
"US1ORLA0011","2009-12-07","44.080663","-123.08099","128.3","EUGENE 2.5 NE, OR US","    0",",,N","    0",",,N",,,,,,
"US1ORLA0011","2009-12-12","44.080663","-123.08099","128.3","EUGENE 2.5 NE, OR US","   18",",,N",,,,,,,,
"US1ORLA0011","2009-12-13","44.080663","-123.08099","128.3","EUGENE 2.5 NE, OR US","   46",",,N",,,,,,,,
"US1ORLA0011","2009-12-14","44.080663","-123.08099","128.3","EUGENE 2.5 NE, OR US","    0",",,N","    0",",,N",,,,,,
"US1ORLA0011","2009-12-15","44.080663","-123.08099","128.3","EUGENE 2.5 NE, OR US","   97",",,N",,,,,,,,
"US1ORLA0011","2009-12-16","44.080663","-123.08099","128.3","EUGENE 2.5 NE, OR US","  157",",,N",,,,,,,,
"US1ORLA0011","2009-12-17","44.080663","-123.08099","128.3","EUGENE 2.5 NE, OR US","   81",",,N",,,,,,,,
"US1ORLA0011","2009-12-19","44.080663","-123.08099","128.3","EUGENE 2.5 NE, OR US","   28",",,N",,,,,,,,
"US1ORLA0011","2009-12-20","44.080663","-123.08099","128.3","EUGENE 2.5 NE, OR US","   36",",,N",,,,,,,,
"US1ORLA0011","2009-12-21","44.080663","-123.08099","128.3","EUGENE 2.5 NE, OR US","   99",",,N",,,,,,,,
"US1ORLA0011","2009-12-22","44.080663","-123.08099","128.3","EUGENE 2.5 NE, OR US","   71",",,N",,,,,,,,
"US1ORLA0011","2009-12-27","44.080663","-123.08099","128.3","EUGENE 2.5 NE, OR US","   15",",,N",,,,,,,,
"US1ORLA0011","2009-12-28","44.080663","-123.08099","128.3","EUGENE 2.5 NE, OR US","    8",",,N",,,,,,,,
"US1ORLA0011","2009-12-29","44.080663","-123.08099","128.3","EUGENE 2.5 NE, OR US","    0",",,N","    0",",,N",,,,,,
"US1ORLA0011","2009-12-30","44.080663","-123.08099","128.3","EUGENE 2.5 NE, OR US","  170",",,N",,,,,,,,
"US1ORLA0011","2009-12-31","44.080663","-123.08099","128.3","EUGENE 2.5 NE, OR US","  175",",,N",,,,,,,,
"US1ORLA0011","2010-01-01","44.080663","-123.08099","128.3","EUGENE 2.5 NE, OR US","  201",",,N",,,,,,,,
"US1ORLA0011","2010-01-02","44.080663","-123.08099","128.3","EUGENE 2.5 NE, OR US","   33",",,N",,,,,,,,
"US1ORLA0011","2010-01-03","44.080663","-123.08099","128.3","EUGENE 2.5 NE, OR US","    3",",,N",,,,,,,,
"US1ORLA0011","2010-01-04","44.080663","-123.08099","128.3","EUGENE 2.5 NE, OR US","    5",",,N",,,,,,,,
"US1ORLA0011","2010-01-05","44.080663","-123.08099","128.3","EUGENE 2.5 NE, OR US","   10",",,N",,,,,,,,
"US1ORLA0011","2010-01-06","44.080663","-123.08099","128.3","EUGENE 2.5 NE, OR US","  173",",,N",,,,,,,,
"US1ORLA0011","2010-01-07","44.080663","-123.08099","128.3","EUGENE 2.5 NE, OR US","   61",",,N",,,,,,,,
"US1ORLA0011","2010-01-08","44.080663","-123.08099","128.3","EUGENE 2.5 NE, OR US","   13",",,N",,,,,,,,
"US1ORLA0011","2010-01-09","44.080663","-123.08099","128.3","EUGENE 2.5 NE, OR US","   53",",,N",,,,,,,,
"US1ORLA0011","2010-01-10","44.080663","-123.08099","128.3","EUGENE 2.5 NE, OR US","    8",",,N",,,,,,,,
"US1ORLA0011","2010-01-11","44.080663","-123.08099","128.3","EUGENE 2.5 NE, OR US","    5",",,N",,,,,,,,
"US1ORLA0011","2010-01-12","44.080663","-123.08099","128.3","EUGENE 2.5 NE, OR US","  135",",,N",,,,,,,,
"US1ORLA0011","2010-01-13","44.080663","-123.08099","128.3","EUGENE 2.5 NE, OR US","   43",",,N",,,,,,,,
"US1ORLA0011","2010-01-14","44.080663","-123.08099","128.3","EUGENE 2.5 NE, OR US","  163",",,N",,,,,,,,
"US1ORLA0011","2010-01-17","44.080663","-123.08099","128.3","EUGENE 2.5 NE, OR US","  163",",,N",,,,,,,,
"US1ORLA0011","2010-01-18","44.080663","-123.08099","128.3","EUGENE 2.5 NE, OR US","   76",",,N",,,,,,,,
"US1ORLA0011","2010-01-19","44.080663","-123.08099","128.3","EUGENE 2.5 NE, OR US","   10",",,N",,,,,,,,
"US1ORLA0011","2010-01-25","44.080663","-123.08099","128.3","EUGENE 2.5 NE, OR US","  109",",,N",,,,,,,,
"US1ORLA0011","2010-02-02","44.080663","-123.08099","128.3","EUGENE 2.5 NE, OR US","   86",",,N",,,,,,,,
"US1ORLA0011","2010-02-03","44.080663","-123.08099","128.3","EUGENE 2.5 NE, OR US","   38",",,N",,,,,,,,
"US1ORLA0011","2010-02-04","44.080663","-123.08099","128.3","EUGENE 2.5 NE, OR US","   56",",,N",,,,,,,,
"US1ORLA0011","2010-02-07","44.080663","-123.08099","128.3","EUGENE 2.5 NE, OR US","   30",",,N",,,,,,,,
"US1ORLA0011","2010-02-09","44.080663","-123.08099","128.3","EUGENE 2.5 NE, OR US","    0",",,N","    0",",,N",,,,,,
"US1ORLA0011","2010-02-14","44.080663","-123.08099","128.3","EUGENE 2.5 NE, OR US","   33",",,N",,,,,,,,
"US1ORLA0011","2010-02-15","44.080663","-123.08099","128.3","EUGENE 2.5 NE, OR US","   25",",,N",,,,,,,,
"US1ORLA0011","2010-02-16","44.080663","-123.08099","128.3","EUGENE 2.5 NE, OR US","   94",",,N",,,,,,,,
"US1ORLA0011","2010-02-17","44.080663","-123.08099","128.3","EUGENE 2.5 NE, OR US","   25",",,N",,,,,,,,
"US1ORLA0011","2010-02-18","44.080663","-123.08099","128.3","EUGENE 2.5 NE, OR US","    0",",,N","    0",",,N",,,,,,
"US1ORLA0011","2010-02-19","44.080663","-123.08099","128.3","EUGENE 2.5 NE, OR US","    0",",,N","    0",",,N",,,,,,
"US1ORLA0011","2010-02-20","44.080663","-123.08099","128.3","EUGENE 2.5 NE, OR US","    0",",,N","    0",",,N",,,,,,
"US1ORLA0011","2010-02-21","44.080663","-123.08099","128.3","EUGENE 2.5 NE, OR US","    0",",,N","    0",",,N",,,,,,
"US1ORLA0011","2010-02-22","44.080663","-123.08099","128.3","EUGENE 2.5 NE, OR US","    0",",,N","    0",",,N",,,,,,
"US1ORLA0011","2010-02-23","44.080663","-123.08099","128.3","EUGENE 2.5 NE, OR US","    0",",,N","    0",",,N",,,,,,
"US1ORLA0011","2010-02-24","44.080663","-123.08099","128.3","EUGENE 2.5 NE, OR US","  145",",,N",,,,,,,,
"US1ORLA0011","2010-02-25","44.080663","-123.08099","128.3","EUGENE 2.5 NE, OR US","   53",",,N",,,,,,,,
"US1ORLA0011","2010-02-26","44.080663","-123.08099","128.3","EUGENE 2.5 NE, OR US","   51",",,N",,,,,,,,
"US1ORLA0011","2010-02-27","44.080663","-123.08099","128.3","EUGENE 2.5 NE, OR US","  104",",,N",,,,,,,,
"US1ORLA0011","2010-03-04","44.080663","-123.08099","128.3","EUGENE 2.5 NE, OR US","   56",",,N",,,,,,,,
"US1ORLA0011","2010-03-05","44.080663","-123.08099","128.3","EUGENE 2.5 NE, OR US","    0",",,N","    0",",,N",,,,,,
"US1ORLA0011","2010-03-29","44.080663","-123.08099","128.3","EUGENE 2.5 NE, OR US","  211",",,N",,,,,,,,
"US1ORLA0011","2010-03-30","44.080663","-123.08099","128.3","EUGENE 2.5 NE, OR US","  363",",,N",,,,,,,,
"US1ORLA0011","2010-03-31","44.080663","-123.08099","128.3","EUGENE 2.5 NE, OR US","   71",",,N",,,,,,,,
"US1ORLA0011","2010-04-01","44.080663","-123.08099","128.3","EUGENE 2.5 NE, OR US","   15",",,N",,,,,,,,
"US1ORLA0011","2010-04-03","44.080663","-123.08099","128.3","EUGENE 2.5 NE, OR US",,,,,,,"    2",",,N","  234",",,N"
"US1ORLA0011","2010-04-04","44.080663","-123.08099","128.3","EUGENE 2.5 NE, OR US","   15",",,N",,,,,,,,
"US1ORLA0011","2010-04-05","44.080663","-123.08099","128.3","EUGENE 2.5 NE, OR US","   30",",,N",,,,,,,,
"US1ORLA0011","2010-04-06","44.080663","-123.08099","128.3","EUGENE 2.5 NE, OR US","   81",",,N",,,,,,,,
"US1ORLA0011","2010-04-07","44.080663","-123.08099","128.3","EUGENE 2.5 NE, OR US","   23",",,N",,,,,,,,
"US1ORLA0011","2010-04-09","44.080663","-123.08099","128.3","EUGENE 2.5 NE, OR US","   30",",,N",,,,,,,,
"US1ORLA0011","2010-04-11","44.080663","-123.08099","128.3","EUGENE 2.5 NE, OR US",,,,,,,"    2",",,N","  196",",,N"
"US1ORLA0011","2010-04-12","44.080663","-123.08099","128.3","EUGENE 2.5 NE, OR US","   64",",,N",,,,,,,,
"US1ORLA0011","2010-04-13","44.080663","-123.08099","128.3","EUGENE 2.5 NE, OR US","   30",",,N",,,,,,,,
"US1ORLA0011","2010-04-14","44.080663","-123.08099","128.3","EUGENE 2.5 NE, OR US","   38",",,N",,,,,,,,
"US1ORLA0011","2010-04-15","44.080663","-123.08099","128.3","EUGENE 2.5 NE, OR US","   46",",,N",,,,,,,,
"US1ORLA0011","2010-04-16","44.080663","-123.08099","128.3","EUGENE 2.5 NE, OR US","    0",",,N","    0",",,N",,,,,,
"US1ORLA0011","2010-04-20","44.080663","-123.08099","128.3","EUGENE 2.5 NE, OR US","   58",",,N",,,,,,,,
"US1ORLA0011","2010-04-21","44.080663","-123.08099","128.3","EUGENE 2.5 NE, OR US","  127",",,N",,,,,,,,
"US1ORLA0011","2010-04-22","44.080663","-123.08099","128.3","EUGENE 2.5 NE, OR US","    3",",,N",,,,,,,,
"US1ORLA0011","2010-04-23","44.080663","-123.08099","128.3","EUGENE 2.5 NE, OR US","    0",",,N","    0",",,N",,,,,,
"US1ORLA0011","2010-04-24","44.080663","-123.08099","128.3","EUGENE 2.5 NE, OR US","    0",",,N","    0",",,N",,,,,,
"US1ORLA0011","2010-04-26","44.080663","-123.08099","128.3","EUGENE 2.5 NE, OR US","    0",",,N","    0",",,N",,,,,,
"US1ORLA0011","2010-04-27","44.080663","-123.08099","128.3","EUGENE 2.5 NE, OR US","  282",",,N",,,,,,,,
"US1ORLA0011","2010-04-28","44.080663","-123.08099","128.3","EUGENE 2.5 NE, OR US","   94",",,N",,,,,,,,
"US1ORLA0011","2010-04-29","44.080663","-123.08099","128.3","EUGENE 2.5 NE, OR US","   13",",,N",,,,,,,,
"US1ORLA0011","2010-05-03","44.080663","-123.08099","128.3","EUGENE 2.5 NE, OR US","   20",",,N",,,,,,,,
"US1ORLA0011","2010-05-04","44.080663","-123.08099","128.3","EUGENE 2.5 NE, OR US","   38",",,N",,,,,,,,
"US1ORLA0011","2010-10-24","44.080663","-123.08099","128.3","EUGENE 2.5 NE, OR US","  335",",,N",,,,,,,,
